Date,Ticker,Adj Close
2020-01-02,IWM,154.65896606445312
2020-01-03,IWM,154.05252075195312
2020-01-06,IWM,154.25775146484375
2020-01-07,IWM,153.74462890625
2020-01-08,IWM,154.220458984375
2020-01-09,IWM,154.40701293945312
2020-01-10,IWM,153.82861328125
2020-01-13,IWM,154.82684326171875
2020-01-14,IWM,155.3959197998047
2020-01-15,IWM,156.14224243164062
2020-01-16,IWM,158.15733337402344
2020-01-17,IWM,157.7282257080078
2020-01-21,IWM,156.42208862304688
2020-01-22,IWM,156.31951904296875
2020-01-23,IWM,156.21688842773438
2020-01-24,IWM,154.29502868652344
2020-01-27,IWM,152.54116821289062
2020-01-28,IWM,153.80995178222656
2020-01-29,IWM,152.93299865722656
2020-01-30,IWM,152.93299865722656
2020-01-31,IWM,149.76112365722656
2020-02-03,IWM,151.4310302734375
2020-02-04,IWM,153.7166748046875
2020-02-05,IWM,156.0862579345703
2020-02-06,IWM,155.73175048828125
2020-02-07,IWM,153.8192596435547
2020-02-10,IWM,154.6868896484375
2020-02-11,IWM,155.75975036621094
2020-02-12,IWM,156.83261108398438
2020-02-13,IWM,157.24310302734375
2020-02-14,IWM,156.6366729736328
2020-02-18,IWM,156.30081176757812
2020-02-19,IWM,157.1031494140625
2020-02-20,IWM,157.48561096191406
2020-02-21,IWM,155.89041137695312
2020-02-24,IWM,151.19781494140625
2020-02-25,IWM,145.8241729736328
2020-02-26,IWM,144.13558959960938
2020-02-27,IWM,139.06056213378906
2020-02-28,IWM,136.5137176513672
2020-03-02,IWM,140.89840698242188
2020-03-03,IWM,138.02496337890625
2020-03-04,IWM,141.9525604248047
2020-03-05,IWM,137.437255859375
2020-03-06,IWM,134.713134765625
2020-03-09,IWM,121.61499786376953
2020-03-10,IWM,125.41195678710938
2020-03-11,IWM,117.43553161621094
2020-03-12,IWM,104.45867919921875
2020-03-13,IWM,111.45555877685547
2020-03-16,IWM,96.6688232421875
2020-03-17,IWM,101.10017395019531
2020-03-18,IWM,93.26367950439453
2020-03-19,IWM,96.90204620361328
2020-03-20,IWM,94.59773254394531
2020-03-23,IWM,93.19834899902344
2020-03-24,IWM,101.7252197265625
2020-03-25,IWM,102.9895248413086
2020-03-26,IWM,109.3953628540039
2020-03-27,IWM,105.41511535644531
2020-03-30,IWM,107.73770904541016
2020-03-31,IWM,107.19451904296875
2020-04-01,IWM,99.8896255493164
2020-04-02,IWM,100.83552551269531
2020-04-03,IWM,97.97913360595703
2020-04-06,IWM,105.48065948486328
2020-04-07,IWM,105.75227355957031
2020-04-08,IWM,110.57537841796875
2020-04-09,IWM,115.86673736572266
2020-04-13,IWM,112.72937774658203
2020-04-14,IWM,115.01447296142578
2020-04-15,IWM,110.32250213623047
2020-04-16,IWM,109.48899841308594
2020-04-17,IWM,114.31210327148438
2020-04-20,IWM,112.9635238647461
2020-04-21,IWM,110.26631927490234
2020-04-22,IWM,111.60554504394531
2020-04-23,IWM,112.70126342773438
2020-04-24,IWM,114.63986206054688
2020-04-27,IWM,119.18201446533203
2020-04-28,IWM,120.91458892822266
2020-04-29,IWM,126.86150360107422
2020-04-30,IWM,122.03844451904297
2020-05-01,IWM,117.19659423828125
2020-05-04,IWM,117.70232391357422
2020-05-05,IWM,118.61076354980469
2020-05-06,IWM,117.73978424072266
2020-05-07,IWM,119.35060119628906
2020-05-08,IWM,123.95829010009766
2020-05-11,IWM,123.3401870727539
2020-05-12,IWM,118.91043853759766
2020-05-13,IWM,114.93019104003906
2020-05-14,IWM,115.30482482910156
2020-05-15,IWM,117.140380859375
2020-05-18,IWM,124.25798797607422
2020-05-19,IWM,121.80428314208984
2020-05-20,IWM,125.49419403076172
2020-05-21,IWM,125.71897888183594
2020-05-22,IWM,126.32770538330078
2020-05-26,IWM,129.9707489013672
2020-05-27,IWM,134.0072021484375
2020-05-28,IWM,130.83242797851562
2020-05-29,IWM,130.08319091796875
2020-06-01,IWM,131.3287353515625
2020-06-02,IWM,132.41505432128906
2020-06-03,IWM,135.60862731933594
2020-06-04,IWM,135.41200256347656
2020-06-05,IWM,140.64715576171875
2020-06-08,IWM,143.3724365234375
2020-06-09,IWM,140.72206115722656
2020-06-10,IWM,136.9010772705078
2020-06-11,IWM,126.45880889892578
2020-06-12,IWM,129.4931640625
2020-06-15,IWM,132.48703002929688
2020-06-16,IWM,135.67259216308594
2020-06-17,IWM,133.21995544433594
2020-06-18,IWM,133.17298889160156
2020-06-19,IWM,132.48703002929688
2020-06-22,IWM,133.81195068359375
2020-06-23,IWM,134.3758087158203
2020-06-24,IWM,130.015625
2020-06-25,IWM,131.97952270507812
2020-06-26,IWM,128.42755126953125
2020-06-29,IWM,132.62794494628906
2020-06-30,IWM,134.54495239257812
2020-07-01,IWM,133.26695251464844
2020-07-02,IWM,133.81195068359375
2020-07-06,IWM,134.77984619140625
2020-07-07,IWM,132.39300537109375
2020-07-08,IWM,133.3797149658203
2020-07-09,IWM,130.6828155517578
2020-07-10,IWM,132.78770446777344
2020-07-13,IWM,131.10568237304688
2020-07-14,IWM,133.27633666992188
2020-07-15,IWM,138.16275024414062
2020-07-16,IWM,137.34524536132812
2020-07-17,IWM,137.74928283691406
2020-07-20,IWM,137.15728759765625
2020-07-21,IWM,139.10243225097656
2020-07-22,IWM,139.17762756347656
2020-07-23,IWM,139.31854248046875
2020-07-24,IWM,137.27003479003906
2020-07-27,IWM,138.69839477539062
2020-07-28,IWM,137.31704711914062
2020-07-29,IWM,140.3428497314453
2020-07-30,IWM,139.78842163085938
2020-07-31,IWM,138.4728240966797
2020-08-03,IWM,140.7281036376953
2020-08-04,IWM,141.6959686279297
2020-08-05,IWM,144.51502990722656
2020-08-06,IWM,144.4586639404297
2020-08-07,IWM,146.75149536132812
2020-08-10,IWM,148.2738037109375
2020-08-11,IWM,147.41873168945312
2020-08-12,IWM,148.02008056640625
2020-08-13,IWM,147.70999145507812
2020-08-14,IWM,147.6160430908203
2020-08-17,IWM,148.37718200683594
2020-08-18,IWM,146.95823669433594
2020-08-19,IWM,146.9676513671875
2020-08-20,IWM,146.36622619628906
2020-08-21,IWM,145.2855987548828
2020-08-24,IWM,146.80787658691406
2020-08-25,IWM,146.9676513671875
2020-08-26,IWM,146.0467987060547
2020-08-27,IWM,146.40383911132812
2020-08-28,IWM,147.6442108154297
2020-08-31,IWM,146.05616760253906
2020-09-01,IWM,147.72877502441406
2020-09-02,IWM,148.9033966064453
2020-09-03,IWM,144.5056610107422
2020-09-04,IWM,143.5847625732422
2020-09-08,IWM,140.8220672607422
2020-09-09,IWM,142.9551544189453
2020-09-10,IWM,141.0945587158203
2020-09-11,IWM,140.15484619140625
2020-09-14,IWM,143.84786987304688
2020-09-15,IWM,144.12037658691406
2020-09-16,IWM,145.48291015625
2020-09-17,IWM,144.4210662841797
2020-09-18,IWM,144.04519653320312
2020-09-21,IWM,138.99908447265625
2020-09-22,IWM,140.07032775878906
2020-09-23,IWM,135.8972930908203
2020-09-24,IWM,135.8972930908203
2020-09-25,IWM,138.10455322265625
2020-09-28,IWM,141.50973510742188
2020-09-29,IWM,140.86834716796875
2020-09-30,IWM,141.2927703857422
2020-10-01,IWM,143.5472412109375
2020-10-02,IWM,144.17921447753906
2020-10-05,IWM,148.1597900390625
2020-10-06,IWM,147.73533630371094
2020-10-07,IWM,150.96133422851562
2020-10-08,IWM,152.67807006835938
2020-10-09,IWM,153.470458984375
2020-10-12,IWM,154.49859619140625
2020-10-13,IWM,153.470458984375
2020-10-14,IWM,151.95176696777344
2020-10-15,IWM,153.51763916015625
2020-10-16,IWM,153.14027404785156
2020-10-19,IWM,151.31033325195312
2020-10-20,IWM,151.6405029296875
2020-10-21,IWM,150.3387908935547
2020-10-22,IWM,152.93280029296875
2020-10-23,IWM,153.81947326660156
2020-10-26,IWM,150.4991455078125
2020-10-27,IWM,149.2068328857422
2020-10-28,IWM,144.61312866210938
2020-10-29,IWM,146.33929443359375
2020-10-30,IWM,144.4055938720703
2020-11-02,IWM,146.98072814941406
2020-11-03,IWM,151.14999389648438
2020-11-04,IWM,151.3197784423828
2020-11-05,IWM,155.55508422851562
2020-11-06,IWM,154.3382568359375
2020-11-09,IWM,159.93186950683594
2020-11-10,IWM,162.90318298339844
2020-11-11,IWM,162.83712768554688
2020-11-12,IWM,160.3374786376953
2020-11-13,IWM,163.6577911376953
2020-11-16,IWM,167.5535125732422
2020-11-17,IWM,168.33644104003906
2020-11-18,IWM,165.978271484375
2020-11-19,IWM,167.25167846679688
2020-11-20,IWM,167.43087768554688
2020-11-23,IWM,170.5625457763672
2020-11-24,IWM,173.76968383789062
2020-11-25,IWM,173.1754150390625
2020-11-27,IWM,173.9111328125
2020-11-30,IWM,170.751220703125
2020-12-01,IWM,172.3358917236328
2020-12-02,IWM,172.5150909423828
2020-12-03,IWM,173.4866943359375
2020-12-04,IWM,177.52391052246094
2020-12-07,IWM,177.69369506835938
2020-12-08,IWM,179.9763946533203
2020-12-09,IWM,178.66525268554688
2020-12-10,IWM,180.3914337158203
2020-12-11,IWM,179.50474548339844
2020-12-14,IWM,179.71482849121094
2020-12-15,IWM,184.20933532714844
2020-12-16,IWM,183.54701232910156
2020-12-17,IWM,185.7327423095703
2020-12-18,IWM,184.83383178710938
2020-12-21,IWM,184.73924255371094
2020-12-22,IWM,186.83984375
2020-12-23,IWM,188.42945861816406
2020-12-24,IWM,188.30645751953125
2020-12-28,IWM,187.6062469482422
2020-12-29,IWM,183.97274780273438
2020-12-30,IWM,185.84628295898438
2020-12-31,IWM,185.51513671875
2021-01-04,IWM,183.0928192138672
2021-01-05,IWM,185.9219970703125
2021-01-06,IWM,193.5295867919922
2021-01-07,IWM,196.9738006591797
2021-01-08,IWM,196.54800415039062
2021-01-11,IWM,196.37770080566406
2021-01-12,IWM,199.89764404296875
2021-01-13,IWM,198.46884155273438
2021-01-14,IWM,202.4334716796875
2021-01-15,IWM,199.4150390625
2021-01-19,IWM,201.9698028564453
2021-01-20,IWM,202.85926818847656
2021-01-21,IWM,201.09930419921875
2021-01-22,IWM,203.4364471435547
2021-01-25,IWM,203.23776245117188
2021-01-26,IWM,201.827880859375
2021-01-27,IWM,198.12818908691406
2021-01-28,IWM,197.49424743652344
2021-01-29,IWM,194.504150390625
2021-02-01,IWM,199.2825469970703
2021-02-02,IWM,202.1212158203125
2021-02-03,IWM,202.72677612304688
2021-02-04,IWM,206.8617401123047
2021-02-05,IWM,209.7288055419922
2021-02-08,IWM,215.0843505859375
2021-02-09,IWM,216.09686279296875
2021-02-10,IWM,214.67752075195312
2021-02-11,IWM,214.4314727783203
2021-02-12,IWM,215.0370635986328
2021-02-16,IWM,213.68399047851562
2021-02-17,IWM,212.0091552734375
2021-02-18,IWM,208.72579956054688
2021-02-19,IWM,213.07835388183594
2021-02-22,IWM,211.69691467285156
2021-02-23,IWM,209.83287048339844
2021-02-24,IWM,214.7910614013672
2021-02-25,IWM,206.85231018066406
2021-02-26,IWM,206.56842041015625
2021-03-01,IWM,213.91107177734375
2021-03-02,IWM,209.7950439453125
2021-03-03,IWM,207.52410888671875
2021-03-04,IWM,201.72384643554688
2021-03-05,IWM,206.000732421875
2021-03-08,IWM,206.97535705566406
2021-03-09,IWM,211.32789611816406
2021-03-10,IWM,214.99923706054688
2021-03-11,IWM,219.7303009033203
2021-03-12,IWM,221.02664184570312
2021-03-15,IWM,221.81195068359375
2021-03-16,IWM,218.1028289794922
2021-03-17,IWM,219.8154754638672
2021-03-18,IWM,213.12571716308594
2021-03-19,IWM,214.73428344726562
2021-03-22,IWM,213.1162872314453
2021-03-23,IWM,205.3856964111328
2021-03-24,IWM,200.63565063476562
2021-03-25,IWM,205.39271545410156
2021-03-26,IWM,209.13731384277344
2021-03-29,IWM,203.25027465820312
2021-03-30,IWM,206.67251586914062
2021-03-31,IWM,209.45016479492188
2021-04-01,IWM,212.1045379638672
2021-04-05,IWM,213.2705535888672
2021-04-06,IWM,212.6448516845703
2021-04-07,IWM,209.213134765625
2021-04-08,IWM,210.9858856201172
2021-04-09,IWM,211.01431274414062
2021-04-12,IWM,210.1895751953125
2021-04-13,IWM,209.63973999023438
2021-04-14,IWM,211.7063446044922
2021-04-15,IWM,212.6259307861328
2021-04-16,IWM,212.9672088623047
2021-04-19,IWM,210.1990509033203
2021-04-20,IWM,205.89515686035156
2021-04-21,IWM,210.92898559570312
2021-04-22,IWM,210.05686950683594
2021-04-23,IWM,214.0194549560547
2021-04-26,IWM,216.2472381591797
2021-04-27,IWM,216.56954956054688
2021-04-28,IWM,216.9392852783203
2021-04-29,IWM,216.1334991455078
2021-04-30,IWM,213.19471740722656
2021-05-03,IWM,214.2375030517578
2021-05-04,IWM,211.67791748046875
2021-05-05,IWM,210.834228515625
2021-05-06,IWM,211.01431274414062
2021-05-07,IWM,213.668701171875
2021-05-10,IWM,208.23672485351562
2021-05-11,IWM,207.5731201171875
2021-05-12,IWM,200.83287048339844
2021-05-13,IWM,204.530029296875
2021-05-14,IWM,209.52597045898438
2021-05-17,IWM,209.81039428710938
2021-05-18,IWM,208.21774291992188
2021-05-19,IWM,206.61563110351562
2021-05-20,IWM,207.9901885986328
2021-05-21,IWM,208.53054809570312
2021-05-24,IWM,209.88616943359375
2021-05-25,IWM,207.85752868652344
2021-05-26,IWM,211.7347869873047
2021-05-27,IWM,213.91517639160156
2021-05-28,IWM,213.77297973632812
2021-06-01,IWM,216.19984436035156
2021-06-02,IWM,216.45579528808594
2021-06-03,IWM,214.6451416015625
2021-06-04,IWM,215.57415771484375
2021-06-07,IWM,218.46554565429688
2021-06-08,IWM,220.77867126464844
2021-06-09,IWM,219.30926513671875
2021-06-10,IWM,217.68295288085938
2021-06-11,IWM,219.98048400878906
2021-06-14,IWM,219.33489990234375
2021-06-15,IWM,218.70826721191406
2021-06-16,IWM,218.2430877685547
2021-06-17,IWM,215.79359436035156
2021-06-18,IWM,210.89456176757812
2021-06-21,IWM,215.40432739257812
2021-06-22,IWM,216.38221740722656
2021-06-23,IWM,217.09429931640625
2021-06-24,IWM,220.16090393066406
2021-06-25,IWM,220.53118896484375
2021-06-28,IWM,218.7842254638672
2021-06-29,IWM,217.73988342285156
2021-06-30,IWM,217.7683868408203
2021-07-01,IWM,219.68621826171875
2021-07-02,IWM,217.59747314453125
2021-07-06,IWM,214.4359130859375
2021-07-07,IWM,212.44210815429688
2021-07-08,IWM,210.48634338378906
2021-07-09,IWM,214.9296112060547
2021-07-12,IWM,215.11000061035156
2021-07-13,IWM,211.05596923828125
2021-07-14,IWM,207.7994842529297
2021-07-15,IWM,206.62217712402344
2021-07-16,IWM,204.07772827148438
2021-07-19,IWM,201.02061462402344
2021-07-20,IWM,207.25833129882812
2021-07-21,IWM,210.82810974121094
2021-07-22,IWM,207.47666931152344
2021-07-23,IWM,208.44503784179688
2021-07-26,IWM,209.05270385742188
2021-07-27,IWM,206.61270141601562
2021-07-28,IWM,209.6508026123047
2021-07-29,IWM,211.2648468017578
2021-07-30,IWM,209.86920166015625
2021-08-02,IWM,208.82485961914062
2021-08-03,IWM,209.68881225585938
2021-08-04,IWM,207.07786560058594
2021-08-05,IWM,210.79962158203125
2021-08-06,IWM,212.09085083007812
2021-08-09,IWM,210.9230499267578
2021-08-10,IWM,211.34080505371094
2021-08-11,IWM,212.3756561279297
2021-08-12,IWM,211.87249755859375
2021-08-13,IWM,209.94517517089844
2021-08-16,IWM,207.98934936523438
2021-08-17,IWM,205.45437622070312
2021-08-18,IWM,203.6599884033203
2021-08-19,IWM,201.22000122070312
2021-08-20,IWM,204.618896484375
2021-08-23,IWM,208.51156616210938
2021-08-24,IWM,210.562255859375
2021-08-25,IWM,211.30282592773438
2021-08-26,IWM,209.06219482421875
2021-08-27,IWM,214.9580841064453
2021-08-30,IWM,214.0751190185547
2021-08-31,IWM,214.4928436279297
2021-09-01,IWM,215.9359893798828
2021-09-02,IWM,217.43609619140625
2021-09-03,IWM,216.4296875
2021-09-07,IWM,214.93910217285156
2021-09-08,IWM,212.5940399169922
2021-09-09,IWM,212.4895782470703
2021-09-10,IWM,210.4103546142578
2021-09-13,IWM,211.6066436767578
2021-09-14,IWM,208.9102783203125
2021-09-15,IWM,210.79962158203125
2021-09-16,IWM,210.95150756835938
2021-09-17,IWM,211.22686767578125
2021-09-20,IWM,206.20445251464844
2021-09-21,IWM,206.51776123046875
2021-09-22,IWM,209.7267303466797
2021-09-23,IWM,213.43899536132812
2021-09-24,IWM,212.40957641601562
2021-09-27,IWM,215.6378936767578
2021-09-28,IWM,210.7335205078125
2021-09-29,IWM,210.2859344482422
2021-09-30,IWM,208.314697265625
2021-10-01,IWM,211.67630004882812
2021-10-04,IWM,209.75270080566406
2021-10-05,IWM,210.47645568847656
2021-10-06,IWM,209.3812713623047
2021-10-07,IWM,212.60955810546875
2021-10-08,IWM,211.00973510742188
2021-10-11,IWM,209.80030822753906
2021-10-12,IWM,210.9525604248047
2021-10-13,IWM,211.9525146484375
2021-10-14,IWM,215.09506225585938
2021-10-15,IWM,214.41891479492188
2021-10-18,IWM,214.2951202392578
2021-10-19,IWM,215.09506225585938
2021-10-20,IWM,216.5234832763672
2021-10-21,IWM,217.0758514404297
2021-10-22,IWM,216.5615997314453
2021-10-25,IWM,218.61856079101562
2021-10-26,IWM,216.97109985351562
2021-10-27,IWM,212.98095703125
2021-10-28,IWM,217.2281951904297
2021-10-29,IWM,217.1710662841797
2021-11-01,IWM,222.7991180419922
2021-11-02,IWM,223.26577758789062
2021-11-03,IWM,227.25587463378906
2021-11-04,IWM,227.17015075683594
2021-11-05,IWM,230.274658203125
2021-11-08,IWM,230.98886108398438
2021-11-09,IWM,229.6461181640625
2021-11-10,IWM,226.02743530273438
2021-11-11,IWM,227.84628295898438
2021-11-12,IWM,228.0748748779297
2021-11-15,IWM,227.17015075683594
2021-11-16,IWM,227.58917236328125
2021-11-17,IWM,224.60850524902344
2021-11-18,IWM,223.6562042236328
2021-11-19,IWM,221.6182861328125
2021-11-22,IWM,220.67550659179688
2021-11-23,IWM,220.2946014404297
2021-11-24,IWM,220.5326690673828
2021-11-26,IWM,212.21914672851562
2021-11-29,IWM,212.08578491210938
2021-11-30,IWM,207.7623748779297
2021-12-01,IWM,203.0865936279297
2021-12-02,IWM,208.75279235839844
2021-12-03,IWM,204.46746826171875
2021-12-06,IWM,208.5718536376953
2021-12-07,IWM,213.40953063964844
2021-12-08,IWM,214.86651611328125
2021-12-09,IWM,210.00027465820312
2021-12-10,IWM,209.4193572998047
2021-12-13,IWM,206.3589630126953
2021-12-14,IWM,204.582275390625
2021-12-15,IWM,207.82994079589844
2021-12-16,IWM,203.62710571289062
2021-12-17,IWM,205.4993133544922
2021-12-20,IWM,202.6146240234375
2021-12-21,IWM,208.40306091308594
2021-12-22,IWM,210.40896606445312
2021-12-23,IWM,212.090087890625
2021-12-27,IWM,214.076904296875
2021-12-28,IWM,212.768310546875
2021-12-29,IWM,212.9975128173828
2021-12-30,IWM,212.94020080566406
2021-12-31,IWM,212.481689453125
2022-01-03,IWM,215.2230987548828
2022-01-04,IWM,214.89834594726562
2022-01-05,IWM,207.61981201171875
2022-01-06,IWM,208.80422973632812
2022-01-07,IWM,206.38760375976562
2022-01-10,IWM,205.6712188720703
2022-01-11,IWM,207.85861206054688
2022-01-12,IWM,206.3112030029297
2022-01-13,IWM,204.41993713378906
2022-01-14,IWM,204.70648193359375
2022-01-18,IWM,198.5168914794922
2022-01-19,IWM,195.28831481933594
2022-01-20,IWM,191.75408935546875
2022-01-21,IWM,188.16262817382812
2022-01-24,IWM,192.4991455078125
2022-01-25,IWM,189.92971801757812
2022-01-26,IWM,187.18829345703125
2022-01-27,IWM,182.93775939941406
2022-01-28,IWM,186.50059509277344
2022-01-31,IWM,192.22216796875
2022-02-01,IWM,194.24716186523438
2022-02-02,IWM,192.3176727294922
2022-02-03,IWM,188.67840576171875
2022-02-04,IWM,189.4903106689453
2022-02-07,IWM,190.4264373779297
2022-02-08,IWM,193.67405700683594
2022-02-09,IWM,197.3515167236328
2022-02-10,IWM,194.32359313964844
2022-02-11,IWM,192.3558807373047
2022-02-14,IWM,191.687255859375
2022-02-15,IWM,196.826171875
2022-02-16,IWM,197.2368927001953
2022-02-17,IWM,192.18394470214844
2022-02-18,IWM,190.53150939941406
2022-02-22,IWM,187.84739685058594
2022-02-23,IWM,184.33229064941406
2022-02-24,IWM,189.1655731201172
2022-02-25,IWM,193.4257049560547
2022-02-28,IWM,194.20896911621094
2022-03-01,IWM,190.55059814453125
2022-03-02,IWM,195.08775329589844
2022-03-03,IWM,192.7761688232422
2022-03-04,IWM,189.7577667236328
2022-03-07,IWM,185.03915405273438
2022-03-08,IWM,186.06118774414062
2022-03-09,IWM,191.30520629882812
2022-03-10,IWM,190.96131896972656
2022-03-11,IWM,187.91424560546875
2022-03-14,IWM,184.07440185546875
2022-03-15,IWM,187.00680541992188
2022-03-16,IWM,192.89076232910156
2022-03-17,IWM,195.91873168945312
2022-03-18,IWM,197.98194885253906
2022-03-21,IWM,196.23394775390625
2022-03-22,IWM,198.20164489746094
2022-03-23,IWM,194.762939453125
2022-03-24,IWM,197.00250244140625
2022-03-25,IWM,197.2704620361328
2022-03-28,IWM,197.33749389648438
2022-03-29,IWM,202.62049865722656
2022-03-30,IWM,198.55294799804688
2022-03-31,IWM,196.4569854736328
2022-04-01,IWM,198.65823364257812
2022-04-04,IWM,198.983642578125
2022-04-05,IWM,194.27490234375
2022-04-06,IWM,191.5185089111328
2022-04-07,IWM,190.89642333984375
2022-04-08,IWM,189.37464904785156
2022-04-11,IWM,188.1017608642578
2022-04-12,IWM,188.6951446533203
2022-04-13,IWM,192.28416442871094
2022-04-14,IWM,190.4179229736328
2022-04-18,IWM,189.13539123535156
2022-04-19,IWM,192.90625
2022-04-20,IWM,193.64320373535156
2022-04-21,IWM,189.30770874023438
2022-04-22,IWM,184.40750122070312
2022-04-25,IWM,185.52731323242188
2022-04-26,IWM,179.67962646484375
2022-04-27,IWM,178.93310546875
2022-04-28,IWM,182.27325439453125
2022-04-29,IWM,177.00938415527344
2022-05-02,IWM,178.86610412597656
2022-05-03,IWM,180.3974151611328
2022-05-04,IWM,185.21145629882812
2022-05-05,IWM,177.69847106933594
2022-05-06,IWM,174.7411651611328
2022-05-09,IWM,167.39088439941406
2022-05-10,IWM,167.43870544433594
2022-05-11,IWM,163.27549743652344
2022-05-12,IWM,165.1896514892578
2022-05-13,IWM,170.42478942871094
2022-05-16,IWM,169.61126708984375
2022-05-17,IWM,174.79856872558594
2022-05-18,IWM,168.67332458496094
2022-05-19,IWM,168.95089721679688
2022-05-20,IWM,168.52020263671875
2022-05-23,IWM,170.5587921142578
2022-05-24,IWM,168.0321044921875
2022-05-25,IWM,171.0564422607422
2022-05-26,IWM,174.87513732910156
2022-05-27,IWM,179.58392333984375
2022-05-31,IWM,177.3539276123047
2022-06-01,IWM,176.34902954101562
2022-06-02,IWM,180.65579223632812
2022-06-03,IWM,179.02879333496094
2022-06-06,IWM,179.80401611328125
2022-06-07,IWM,182.70394897460938
2022-06-08,IWM,179.88058471679688
2022-06-09,IWM,176.1516571044922
2022-06-10,IWM,171.3728790283203
2022-06-13,IWM,163.32192993164062
2022-06-14,IWM,162.5350799560547
2022-06-15,IWM,164.9148712158203
2022-06-16,IWM,157.2765350341797
2022-06-17,IWM,158.50479125976562
2022-06-21,IWM,161.34519958496094
2022-06-22,IWM,161.03814697265625
2022-06-23,IWM,162.96688842773438
2022-06-24,IWM,168.01429748535156
2022-06-27,IWM,168.6380615234375
2022-06-28,IWM,165.47142028808594
2022-06-29,IWM,163.79214477539062
2022-06-30,IWM,162.51588439941406
2022-07-01,IWM,164.48304748535156
2022-07-05,IWM,165.84567260742188
2022-07-06,IWM,164.6173858642578
2022-07-07,IWM,168.51332092285156
2022-07-08,IWM,168.494140625
2022-07-11,IWM,165.1067657470703
2022-07-12,IWM,164.54063415527344
2022-07-13,IWM,164.3966827392578
2022-07-14,IWM,162.70779418945312
2022-07-15,IWM,166.0951385498047
2022-07-18,IWM,165.6249542236328
2022-07-19,IWM,171.46884155273438
2022-07-20,IWM,174.15570068359375
2022-07-21,IWM,175.048095703125
2022-07-22,IWM,172.25567626953125
2022-07-25,IWM,173.1481170654297
2022-07-26,IWM,172.08297729492188
2022-07-27,IWM,175.9980926513672
2022-07-28,IWM,178.416259765625
2022-07-29,IWM,179.68292236328125
2022-08-01,IWM,179.61573791503906
2022-08-02,IWM,179.44302368164062
2022-08-03,IWM,182.0819091796875
2022-08-04,IWM,181.6980743408203
2022-08-05,IWM,183.08944702148438
2022-08-08,IWM,185.02783203125
2022-08-09,IWM,182.50411987304688
2022-08-10,IWM,187.71466064453125
2022-08-11,IWM,188.41517639160156
2022-08-12,IWM,192.26312255859375
2022-08-15,IWM,192.94442749023438
2022-08-16,IWM,192.86769104003906
2022-08-17,IWM,189.624267578125
2022-08-18,IWM,190.88131713867188
2022-08-19,IWM,186.78387451171875
2022-08-22,IWM,182.93592834472656
2022-08-23,IWM,183.2333984375
2022-08-24,IWM,184.6343994140625
2022-08-25,IWM,187.5035858154297
2022-08-26,IWM,181.343017578125
2022-08-29,IWM,179.67332458496094
2022-08-30,IWM,177.1592254638672
2022-08-31,IWM,176.08448791503906
2022-09-01,IWM,174.16526794433594
2022-09-02,IWM,172.81227111816406
2022-09-06,IWM,171.1042022705078
2022-09-07,IWM,174.82740783691406
2022-09-08,IWM,176.28598022460938
2022-09-09,IWM,179.82684326171875
2022-09-12,IWM,182.00514221191406
2022-09-13,IWM,174.88499450683594
2022-09-14,IWM,175.56631469726562
2022-09-15,IWM,174.29002380371094
2022-09-16,IWM,171.75674438476562
2022-09-19,IWM,173.2248992919922
2022-09-20,IWM,170.8643035888672
2022-09-21,IWM,168.2542266845703
2022-09-22,IWM,164.4638671875
2022-09-23,IWM,160.54873657226562
2022-09-26,IWM,158.35049438476562
2022-09-27,IWM,158.89064025878906
2022-09-28,IWM,163.91600036621094
2022-09-29,IWM,160.2410430908203
2022-09-30,IWM,159.07394409179688
2022-10-03,IWM,163.2890167236328
2022-10-04,IWM,169.7611846923828
2022-10-05,IWM,168.50723266601562
2022-10-06,IWM,167.56199645996094
2022-10-07,IWM,162.6331024169922
2022-10-10,IWM,161.72645568847656
2022-10-11,IWM,161.77464294433594
2022-10-12,IWM,161.3309783935547
2022-10-13,IWM,165.32421875
2022-10-14,IWM,160.89691162109375
2022-10-17,IWM,166.0283660888672
2022-10-18,IWM,167.99603271484375
2022-10-19,IWM,165.1409912109375
2022-10-20,IWM,163.03822326660156
2022-10-21,IWM,166.57814025878906
2022-10-24,IWM,167.2919464111328
2022-10-25,IWM,171.854248046875
2022-10-26,IWM,172.70306396484375
2022-10-27,IWM,172.74159240722656
2022-10-28,IWM,176.6673583984375
2022-10-31,IWM,176.8313446044922
2022-11-01,IWM,177.07247924804688
2022-11-02,IWM,171.1983642578125
2022-11-03,IWM,170.05050659179688
2022-11-04,IWM,172.3461456298828
2022-11-07,IWM,173.12747192382812
2022-11-08,IWM,173.19497680664062
2022-11-09,IWM,168.4397430419922
2022-11-10,IWM,178.8086700439453
2022-11-11,IWM,180.2747802734375
2022-11-14,IWM,178.25888061523438
2022-11-15,IWM,180.90174865722656
2022-11-16,IWM,177.71871948242188
2022-11-17,IWM,176.0693359375
2022-11-18,IWM,177.20751953125
2022-11-21,IWM,176.28152465820312
2022-11-22,IWM,178.16241455078125
2022-11-23,IWM,178.62539672851562
2022-11-25,IWM,179.0015869140625
2022-11-28,IWM,175.39414978027344
2022-11-29,IWM,175.9053497314453
2022-11-30,IWM,180.7281036376953
2022-12-01,IWM,180.3326873779297
2022-12-02,IWM,181.384033203125
2022-12-05,IWM,176.3876190185547
2022-12-06,IWM,173.6868896484375
2022-12-07,IWM,173.1757049560547
2022-12-08,IWM,174.42959594726562
2022-12-09,IWM,172.28829956054688
2022-12-12,IWM,174.3138427734375
2022-12-13,IWM,175.7576904296875
2022-12-14,IWM,174.60455322265625
2022-12-15,IWM,170.23434448242188
2022-12-16,IWM,168.96495056152344
2022-12-19,IWM,166.6781005859375
2022-12-20,IWM,167.55990600585938
2022-12-21,IWM,170.44754028320312
2022-12-22,IWM,168.21884155273438
2022-12-23,IWM,168.98435974121094
2022-12-27,IWM,167.85060119628906
2022-12-28,IWM,165.2439727783203
2022-12-29,IWM,169.4300537109375
2022-12-30,IWM,168.95526123046875
2020-01-02,QQQ,209.09107971191406
2020-01-03,QQQ,207.1758270263672
2020-01-06,QQQ,208.5106658935547
2020-01-07,QQQ,208.4816436767578
2020-01-08,QQQ,210.0487060546875
2020-01-09,QQQ,211.82847595214844
2020-01-10,QQQ,211.28683471679688
2020-01-13,QQQ,213.7244110107422
2020-01-14,QQQ,212.8828887939453
2020-01-15,QQQ,212.96990966796875
2020-01-16,QQQ,215.01100158691406
2020-01-17,QQQ,216.07498168945312
2020-01-21,QQQ,215.97817993164062
2020-01-22,QQQ,216.54891967773438
2020-01-23,QQQ,217.2454071044922
2020-01-24,QQQ,215.41720581054688
2020-01-27,QQQ,210.9676513671875
2020-01-28,QQQ,214.20806884765625
2020-01-29,QQQ,214.55630493164062
2020-01-30,QQQ,215.32046508789062
2020-01-31,QQQ,211.9059295654297
2020-02-03,QQQ,215.10768127441406
2020-02-04,QQQ,220.03121948242188
2020-02-05,QQQ,220.75669860839844
2020-02-06,QQQ,222.66226196289062
2020-02-07,QQQ,221.7046356201172
2020-02-10,QQQ,224.38404846191406
2020-02-11,QQQ,224.42274475097656
2020-02-12,QQQ,226.60882568359375
2020-02-13,QQQ,226.31866455078125
2020-02-14,QQQ,226.9667205810547
2020-02-18,QQQ,227.0537872314453
2020-02-19,QQQ,229.230224609375
2020-02-20,QQQ,227.10215759277344
2020-02-21,QQQ,222.73963928222656
2020-02-24,QQQ,214.15003967285156
2020-02-25,QQQ,208.32693481445312
2020-02-26,QQQ,209.40061950683594
2020-02-27,QQQ,198.91510009765625
2020-02-28,QQQ,199.06983947753906
2020-03-02,QQQ,209.34255981445312
2020-03-03,QQQ,202.6295166015625
2020-03-04,QQQ,211.0836639404297
2020-03-05,QQQ,204.6704864501953
2020-03-06,QQQ,201.2172393798828
2020-03-09,QQQ,187.2398223876953
2020-03-10,QQQ,197.43511962890625
2020-03-11,QQQ,188.83584594726562
2020-03-12,QQQ,171.521240234375
2020-03-13,QQQ,186.04998779296875
2020-03-16,QQQ,163.7635040283203
2020-03-17,QQQ,176.1836395263672
2020-03-18,QQQ,170.8247833251953
2020-03-19,QQQ,171.85011291503906
2020-03-20,QQQ,165.11770629882812
2020-03-23,QQQ,165.23696899414062
2020-03-24,QQQ,178.03245544433594
2020-03-25,QQQ,176.7141571044922
2020-03-26,QQQ,186.01998901367188
2020-03-27,QQQ,179.6222381591797
2020-03-30,QQQ,186.15570068359375
2020-03-31,QQQ,184.56593322753906
2020-04-01,QQQ,176.72384643554688
2020-04-02,QQQ,180.31048583984375
2020-04-03,QQQ,177.75137329101562
2020-04-06,QQQ,190.45968627929688
2020-04-07,QQQ,190.38211059570312
2020-04-08,QQQ,194.42431640625
2020-04-09,QQQ,194.70550537109375
2020-04-13,QQQ,196.80892944335938
2020-04-14,QQQ,205.368408203125
2020-04-15,QQQ,203.0128631591797
2020-04-16,QQQ,206.71578979492188
2020-04-17,QQQ,208.6933135986328
2020-04-20,QQQ,206.22146606445312
2020-04-21,QQQ,198.61199951171875
2020-04-22,QQQ,204.5056915283203
2020-04-23,QQQ,204.0694580078125
2020-04-24,QQQ,207.28770446777344
2020-04-27,QQQ,208.9550323486328
2020-04-28,QQQ,205.0194549560547
2020-04-29,QQQ,212.2896270751953
2020-04-30,QQQ,212.202392578125
2020-05-01,QQQ,206.22146606445312
2020-05-04,QQQ,208.6254425048828
2020-05-05,QQQ,210.99069213867188
2020-05-06,QQQ,212.2896270751953
2020-05-07,QQQ,215.0232696533203
2020-05-08,QQQ,217.9700469970703
2020-05-11,QQQ,219.91847229003906
2020-05-12,QQQ,215.3140411376953
2020-05-13,QQQ,212.6192169189453
2020-05-14,QQQ,215.03292846679688
2020-05-15,QQQ,216.42880249023438
2020-05-18,QQQ,220.4613494873047
2020-05-19,QQQ,219.90879821777344
2020-05-20,QQQ,224.2999725341797
2020-05-21,QQQ,221.85720825195312
2020-05-22,QQQ,222.62298583984375
2020-05-26,QQQ,222.0220184326172
2020-05-27,QQQ,223.2336883544922
2020-05-28,QQQ,222.94288635253906
2020-05-29,QQQ,226.20965576171875
2020-06-01,QQQ,226.88816833496094
2020-06-02,QQQ,228.41004943847656
2020-06-03,QQQ,229.43760681152344
2020-06-04,QQQ,227.8284454345703
2020-06-05,QQQ,232.345703125
2020-06-08,QQQ,234.148681640625
2020-06-09,QQQ,235.84506225585938
2020-06-10,QQQ,238.67556762695312
2020-06-11,QQQ,226.84942626953125
2020-06-12,QQQ,228.6524200439453
2020-06-15,QQQ,231.43446350097656
2020-06-16,QQQ,235.40884399414062
2020-06-17,QQQ,236.15525817871094
2020-06-18,QQQ,236.79501342773438
2020-06-19,QQQ,236.7562255859375
2020-06-22,QQQ,239.59555053710938
2020-06-23,QQQ,241.6348114013672
2020-06-24,QQQ,236.6533203125
2020-06-25,QQQ,238.90615844726562
2020-06-26,QQQ,233.264404296875
2020-06-29,QQQ,235.80850219726562
2020-06-30,QQQ,240.4307098388672
2020-07-01,QQQ,243.23699951171875
2020-07-02,QQQ,244.8877716064453
2020-07-06,QQQ,250.90829467773438
2020-07-07,QQQ,249.1797637939453
2020-07-08,QQQ,252.46189880371094
2020-07-09,QQQ,254.58848571777344
2020-07-10,QQQ,256.3267517089844
2020-07-13,QQQ,251.05389404296875
2020-07-14,QQQ,252.83091735839844
2020-07-15,QQQ,253.34559631347656
2020-07-16,QQQ,251.61712646484375
2020-07-17,QQQ,251.90846252441406
2020-07-20,QQQ,259.0553283691406
2020-07-21,QQQ,256.3558044433594
2020-07-22,QQQ,257.2589111328125
2020-07-23,QQQ,250.5392608642578
2020-07-24,QQQ,248.16021728515625
2020-07-27,QQQ,252.58815002441406
2020-07-28,QQQ,249.3740234375
2020-07-29,QQQ,252.24827575683594
2020-07-30,QQQ,253.5688934326172
2020-07-31,QQQ,258.09405517578125
2020-08-03,QQQ,261.5801086425781
2020-08-04,QQQ,262.5511169433594
2020-08-05,QQQ,263.2016296386719
2020-08-06,QQQ,266.68780517578125
2020-08-07,QQQ,263.60955810546875
2020-08-10,QQQ,262.4831237792969
2020-08-11,QQQ,257.51129150390625
2020-08-12,QQQ,263.9881896972656
2020-08-13,QQQ,264.5902404785156
2020-08-14,QQQ,264.2795715332031
2020-08-17,QQQ,267.3479919433594
2020-08-18,QQQ,269.92132568359375
2020-08-19,QQQ,268.10546875
2020-08-20,QQQ,271.8245849609375
2020-08-21,QQQ,273.7083740234375
2020-08-24,QQQ,275.4174499511719
2020-08-25,QQQ,277.5828552246094
2020-08-26,QQQ,283.5062255859375
2020-08-27,QQQ,282.62249755859375
2020-08-28,QQQ,284.059814453125
2020-08-31,QQQ,286.3417663574219
2020-09-01,QQQ,291.2357482910156
2020-09-02,QQQ,293.9934997558594
2020-09-03,QQQ,279.0880126953125
2020-09-04,QQQ,275.3688659667969
2020-09-08,QQQ,262.1335754394531
2020-09-09,QQQ,269.83392333984375
2020-09-10,QQQ,264.45440673828125
2020-09-11,QQQ,262.6191101074219
2020-09-14,QQQ,267.192626953125
2020-09-15,QQQ,270.979736328125
2020-09-16,QQQ,266.65863037109375
2020-09-17,QQQ,262.4927978515625
2020-09-18,QQQ,259.1427001953125
2020-09-21,QQQ,259.76416015625
2020-09-22,QQQ,264.5902404785156
2020-09-23,QQQ,256.51123046875
2020-09-24,QQQ,257.70556640625
2020-09-25,QQQ,263.6968688964844
2020-09-28,QQQ,269.17364501953125
2020-09-29,QQQ,267.9598083496094
2020-09-30,QQQ,269.7950439453125
2020-10-01,QQQ,274.0774230957031
2020-10-02,QQQ,266.3673095703125
2020-10-05,QQQ,272.0478820800781
2020-10-06,QQQ,267.192626953125
2020-10-07,QQQ,271.8147888183594
2020-10-08,QQQ,273.26171875
2020-10-09,QQQ,277.4372253417969
2020-10-12,QQQ,286.0017395019531
2020-10-13,QQQ,285.99212646484375
2020-10-14,QQQ,283.6033020019531
2020-10-15,QQQ,281.7000427246094
2020-10-16,QQQ,280.1561279296875
2020-10-19,QQQ,275.58251953125
2020-10-20,QQQ,276.1748352050781
2020-10-21,QQQ,275.9612731933594
2020-10-22,QQQ,275.9514465332031
2020-10-23,QQQ,276.49530029296875
2020-10-26,QQQ,272.3489685058594
2020-10-27,QQQ,274.47552490234375
2020-10-28,QQQ,263.774658203125
2020-10-29,QQQ,268.3871154785156
2020-10-30,QQQ,261.5801086425781
2020-11-02,QQQ,262.16265869140625
2020-11-03,QQQ,266.6974182128906
2020-11-04,QQQ,278.6024475097656
2020-11-05,QQQ,285.8658447265625
2020-11-06,QQQ,286.0794372558594
2020-11-09,QQQ,280.2337341308594
2020-11-10,QQQ,275.2134704589844
2020-11-11,QQQ,281.36993408203125
2020-11-12,QQQ,280.0492858886719
2020-11-13,QQQ,282.50604248046875
2020-11-16,QQQ,284.7103271484375
2020-11-17,QQQ,283.8072509765625
2020-11-18,QQQ,281.70977783203125
2020-11-19,QQQ,283.91400146484375
2020-11-20,QQQ,281.97198486328125
2020-11-23,QQQ,281.98175048828125
2020-11-24,QQQ,285.9434814453125
2020-11-25,QQQ,287.7011413574219
2020-11-27,QQQ,290.35211181640625
2020-11-30,QQQ,290.94439697265625
2020-12-01,QQQ,294.6732177734375
2020-12-02,QQQ,295.0519714355469
2020-12-03,QQQ,295.469482421875
2020-12-04,QQQ,296.6736145019531
2020-12-07,QQQ,298.35357666015625
2020-12-08,QQQ,299.3633728027344
2020-12-09,QQQ,292.5854797363281
2020-12-10,QQQ,293.76043701171875
2020-12-11,QQQ,293.1098327636719
2020-12-14,QQQ,295.23651123046875
2020-12-15,QQQ,298.392333984375
2020-12-16,QQQ,300.03338623046875
2020-12-17,QQQ,301.9949035644531
2020-12-18,QQQ,301.0821838378906
2020-12-21,QQQ,300.5188903808594
2020-12-22,QQQ,301.3360595703125
2020-12-23,QQQ,299.8185119628906
2020-12-24,QQQ,301.1414794921875
2020-12-28,QQQ,304.1766662597656
2020-12-29,QQQ,304.448974609375
2020-12-30,QQQ,304.458740234375
2020-12-31,QQQ,305.2077941894531
2021-01-04,QQQ,300.8983154296875
2021-01-05,QQQ,303.37890625
2021-01-06,QQQ,299.17645263671875
2021-01-07,QQQ,306.4140930175781
2021-01-08,QQQ,310.35394287109375
2021-01-11,QQQ,305.86932373046875
2021-01-12,QQQ,305.3829040527344
2021-01-13,QQQ,307.4452819824219
2021-01-14,QQQ,305.80120849609375
2021-01-15,QQQ,303.37890625
2021-01-19,QQQ,307.80511474609375
2021-01-20,QQQ,314.96502685546875
2021-01-21,QQQ,317.4845275878906
2021-01-22,QQQ,316.5701904296875
2021-01-25,QQQ,319.18701171875
2021-01-26,QQQ,319.6539001464844
2021-01-27,QQQ,310.7430114746094
2021-01-28,QQQ,312.5816650390625
2021-01-29,QQQ,306.00543212890625
2021-02-01,QQQ,313.6517639160156
2021-02-02,QQQ,318.7686767578125
2021-02-03,QQQ,317.5040283203125
2021-02-04,QQQ,321.2590637207031
2021-02-05,QQQ,322.3486022949219
2021-02-08,QQQ,324.5082702636719
2021-02-09,QQQ,324.4401550292969
2021-02-10,QQQ,323.7008361816406
2021-02-11,QQQ,325.4811096191406
2021-02-12,QQQ,327.30023193359375
2021-02-16,QQQ,326.4149169921875
2021-02-17,QQQ,324.8487854003906
2021-02-18,QQQ,323.428466796875
2021-02-19,QQQ,322.0177917480469
2021-02-22,QQQ,313.6712341308594
2021-02-23,QQQ,312.7373046875
2021-02-24,QQQ,315.3152160644531
2021-02-25,QQQ,304.3224792480469
2021-02-26,QQQ,305.5969543457031
2021-03-01,QQQ,314.7898864746094
2021-03-02,QQQ,309.74102783203125
2021-03-03,QQQ,300.7522888183594
2021-03-04,QQQ,295.8299865722656
2021-03-05,QQQ,300.28546142578125
2021-03-08,QQQ,291.7830505371094
2021-03-09,QQQ,303.2913513183594
2021-03-10,QQQ,302.4255676269531
2021-03-11,QQQ,309.3908386230469
2021-03-12,QQQ,306.8810729980469
2021-03-15,QQQ,310.1593933105469
2021-03-16,QQQ,311.8617858886719
2021-03-17,QQQ,313.1458435058594
2021-03-18,QQQ,303.5540466308594
2021-03-19,QQQ,304.6241149902344
2021-03-22,QQQ,310.3367614746094
2021-03-23,QQQ,308.9829406738281
2021-03-24,QQQ,303.7718200683594
2021-03-25,QQQ,303.2457580566406
2021-03-26,QQQ,307.79461669921875
2021-03-29,QQQ,307.7069091796875
2021-03-30,QQQ,306.1581726074219
2021-03-31,QQQ,310.8433532714844
2021-04-01,QQQ,316.1421203613281
2021-04-05,QQQ,322.4537353515625
2021-04-06,QQQ,322.2297668457031
2021-04-07,QQQ,323.009033203125
2021-04-08,QQQ,326.37908935546875
2021-04-09,QQQ,328.3564453125
2021-04-12,QQQ,327.9278869628906
2021-04-13,QQQ,331.7558288574219
2021-04-14,QQQ,327.77203369140625
2021-04-15,QQQ,332.7396240234375
2021-04-16,QQQ,333.12921142578125
2021-04-19,QQQ,330.08050537109375
2021-04-20,QQQ,327.6747131347656
2021-04-21,QQQ,330.47979736328125
2021-04-22,QQQ,326.49609375
2021-04-23,QQQ,330.6064453125
2021-04-26,QQQ,332.75909423828125
2021-04-27,QQQ,331.3175354003906
2021-04-28,QQQ,330.19732666015625
2021-04-29,QQQ,331.38568115234375
2021-04-30,QQQ,329.2135314941406
2021-05-03,QQQ,327.4602966308594
2021-05-04,QQQ,321.5675048828125
2021-05-05,QQQ,320.48626708984375
2021-05-06,QQQ,322.90191650390625
2021-05-07,QQQ,325.52203369140625
2021-05-10,QQQ,317.30120849609375
2021-05-11,QQQ,316.8628234863281
2021-05-12,QQQ,308.6614685058594
2021-05-13,QQQ,311.0478210449219
2021-05-14,QQQ,317.914794921875
2021-05-17,QQQ,315.9862365722656
2021-05-18,QQQ,313.85308837890625
2021-05-19,QQQ,314.2135009765625
2021-05-20,QQQ,320.2913818359375
2021-05-21,QQQ,318.5187072753906
2021-05-24,QQQ,323.87591552734375
2021-05-25,QQQ,324.323974609375
2021-05-26,QQQ,325.45379638671875
2021-05-27,QQQ,324.23626708984375
2021-05-28,QQQ,325.25897216796875
2021-06-01,QQQ,324.1778564453125
2021-06-02,QQQ,324.81097412109375
2021-06-03,QQQ,321.4310607910156
2021-06-04,QQQ,326.8856201171875
2021-06-07,QQQ,327.85968017578125
2021-06-08,QQQ,328.0155029296875
2021-06-09,QQQ,328.0934753417969
2021-06-10,QQQ,331.51226806640625
2021-06-11,QQQ,332.3791198730469
2021-06-14,QQQ,335.5643005371094
2021-06-15,QQQ,333.3726501464844
2021-06-16,QQQ,332.15509033203125
2021-06-17,QQQ,336.3727111816406
2021-06-18,QQQ,333.733154296875
2021-06-21,QQQ,335.8072814941406
2021-06-22,QQQ,338.9376220703125
2021-06-23,QQQ,339.1033020019531
2021-06-24,QQQ,341.19989013671875
2021-06-25,QQQ,340.7806091308594
2021-06-28,QQQ,344.925048828125
2021-06-29,QQQ,346.17327880859375
2021-06-30,QQQ,345.6271667480469
2021-07-01,QQQ,345.7637023925781
2021-07-02,QQQ,349.732666015625
2021-07-06,QQQ,351.2441101074219
2021-07-07,QQQ,351.9852600097656
2021-07-08,QQQ,349.859375
2021-07-09,QQQ,352.0437316894531
2021-07-12,QQQ,353.418701171875
2021-07-13,QQQ,353.418701171875
2021-07-14,QQQ,354.0526123046875
2021-07-15,QQQ,351.56591796875
2021-07-16,QQQ,348.71844482421875
2021-07-19,QQQ,345.86126708984375
2021-07-20,QQQ,349.8788757324219
2021-07-21,QQQ,352.5801086425781
2021-07-22,QQQ,354.9107666015625
2021-07-23,QQQ,359.05517578125
2021-07-26,QQQ,359.33795166015625
2021-07-27,QQQ,355.3787841796875
2021-07-28,QQQ,356.7439880371094
2021-07-29,QQQ,357.3779296875
2021-07-30,QQQ,355.5152893066406
2021-08-02,QQQ,355.54461669921875
2021-08-03,QQQ,357.69976806640625
2021-08-04,QQQ,358.2165222167969
2021-08-05,QQQ,360.4886779785156
2021-08-06,QQQ,358.9088134765625
2021-08-09,QQQ,359.57196044921875
2021-08-10,QQQ,357.72894287109375
2021-08-11,QQQ,357.1145935058594
2021-08-12,QQQ,358.4018249511719
2021-08-13,QQQ,359.6597595214844
2021-08-16,QQQ,359.8157958984375
2021-08-17,QQQ,356.646484375
2021-08-18,QQQ,353.21392822265625
2021-08-19,QQQ,354.92047119140625
2021-08-20,QQQ,358.5967712402344
2021-08-23,QQQ,363.96026611328125
2021-08-24,QQQ,365.07196044921875
2021-08-25,QQQ,365.49127197265625
2021-08-26,QQQ,363.1702880859375
2021-08-27,QQQ,366.7005310058594
2021-08-30,QQQ,370.8156433105469
2021-08-31,QQQ,370.5133972167969
2021-09-01,QQQ,371.127685546875
2021-09-02,QQQ,370.95220947265625
2021-09-03,QQQ,372.0930480957031
2021-09-07,QQQ,372.61962890625
2021-09-08,QQQ,371.3226623535156
2021-09-09,QQQ,370.0451965332031
2021-09-10,QQQ,367.23675537109375
2021-09-13,QQQ,366.9832458496094
2021-09-14,QQQ,365.93988037109375
2021-09-15,QQQ,368.6604919433594
2021-09-16,QQQ,368.91412353515625
2021-09-17,QQQ,364.5453186035156
2021-09-20,QQQ,357.01263427734375
2021-09-21,QQQ,357.451904296875
2021-09-22,QQQ,360.79071044921875
2021-09-23,QQQ,364.1197509765625
2021-09-24,QQQ,364.4613952636719
2021-09-27,QQQ,361.55218505859375
2021-09-28,QQQ,351.321044921875
2021-09-29,QQQ,350.7451171875
2021-09-30,QQQ,349.4565124511719
2021-10-01,QQQ,351.62371826171875
2021-10-04,QQQ,344.2434387207031
2021-10-05,QQQ,348.8902893066406
2021-10-06,QQQ,351.1258850097656
2021-10-07,QQQ,354.34747314453125
2021-10-08,QQQ,352.5805358886719
2021-10-11,QQQ,349.87628173828125
2021-10-12,QQQ,348.6559753417969
2021-10-13,QQQ,351.447998046875
2021-10-14,QQQ,357.9205322265625
2021-10-15,QQQ,360.1756591796875
2021-10-18,QQQ,363.7974548339844
2021-10-19,QQQ,366.5505676269531
2021-10-20,QQQ,366.07220458984375
2021-10-21,QQQ,368.30780029296875
2021-10-22,QQQ,365.21307373046875
2021-10-25,QQQ,368.95208740234375
2021-10-26,QQQ,370.1138000488281
2021-10-27,QQQ,370.9729309082031
2021-10-28,QQQ,375.0927429199219
2021-10-29,QQQ,376.93780517578125
2021-11-01,QQQ,378.2264099121094
2021-11-02,QQQ,379.8079528808594
2021-11-03,QQQ,383.8398132324219
2021-11-04,QQQ,388.7601318359375
2021-11-05,QQQ,389.13104248046875
2021-11-08,QQQ,388.6039123535156
2021-11-09,QQQ,385.92901611328125
2021-11-10,QQQ,380.2570495605469
2021-11-11,QQQ,381.3114013671875
2021-11-12,QQQ,385.3236999511719
2021-11-15,QQQ,385.23583984375
2021-11-16,QQQ,387.9791259765625
2021-11-17,QQQ,388.1841735839844
2021-11-18,QQQ,392.2062072753906
2021-11-19,QQQ,394.39300537109375
2021-11-22,QQQ,389.81439208984375
2021-11-23,QQQ,388.0376892089844
2021-11-24,QQQ,389.28729248046875
2021-11-26,QQQ,381.9068908691406
2021-11-29,QQQ,390.1952209472656
2021-11-30,QQQ,384.464599609375
2021-12-01,QQQ,377.923828125
2021-12-02,QQQ,380.64752197265625
2021-12-03,QQQ,374.02862548828125
2021-12-06,QQQ,377.025634765625
2021-12-07,QQQ,388.37933349609375
2021-12-08,QQQ,390.1170959472656
2021-12-09,QQQ,384.37677001953125
2021-12-10,QQQ,388.5550537109375
2021-12-13,QQQ,382.94171142578125
2021-12-14,QQQ,378.9781188964844
2021-12-15,QQQ,387.6178894042969
2021-12-16,QQQ,377.65045166015625
2021-12-17,QQQ,375.7663269042969
2021-12-20,QQQ,372.1212463378906
2021-12-21,QQQ,380.4494323730469
2021-12-22,QQQ,385.082763671875
2021-12-23,QQQ,387.9858703613281
2021-12-27,QQQ,394.39825439453125
2021-12-28,QQQ,392.5703125
2021-12-29,QQQ,392.5116271972656
2021-12-30,QQQ,391.33868408203125
2021-12-31,QQQ,388.89501953125
2022-01-03,QQQ,392.6387634277344
2022-01-04,QQQ,387.5460205078125
2022-01-05,QQQ,375.6402282714844
2022-01-06,QQQ,375.3762512207031
2022-01-07,QQQ,371.3099060058594
2022-01-10,QQQ,371.5542907714844
2022-01-11,QQQ,377.1357421875
2022-01-12,QQQ,378.63128662109375
2022-01-13,QQQ,369.159423828125
2022-01-14,QQQ,371.4565124511719
2022-01-18,QQQ,362.2094421386719
2022-01-19,QQQ,358.23114013671875
2022-01-20,QQQ,353.5781555175781
2022-01-21,QQQ,343.7740173339844
2022-01-24,QQQ,345.3476867675781
2022-01-25,QQQ,337.342041015625
2022-01-26,QQQ,336.8142395019531
2022-01-27,QQQ,333.4222717285156
2022-01-28,QQQ,343.8814392089844
2022-01-31,QQQ,354.8782653808594
2022-02-01,QQQ,357.2926330566406
2022-02-02,QQQ,360.1958312988281
2022-02-03,QQQ,345.59210205078125
2022-02-04,QQQ,349.95172119140625
2022-02-07,QQQ,347.1365661621094
2022-02-08,QQQ,351.0367431640625
2022-02-09,QQQ,358.47540283203125
2022-02-10,QQQ,350.3622131347656
2022-02-11,QQQ,339.2481689453125
2022-02-14,QQQ,339.66845703125
2022-02-15,QQQ,348.1140441894531
2022-02-16,QQQ,348.02606201171875
2022-02-17,QQQ,337.67449951171875
2022-02-18,QQQ,333.82305908203125
2022-02-22,QQQ,330.4703063964844
2022-02-23,QQQ,322.0052490234375
2022-02-24,QQQ,332.82598876953125
2022-02-25,QQQ,337.9872131347656
2022-02-28,QQQ,338.9940490722656
2022-03-01,QQQ,333.8035583496094
2022-03-02,QQQ,339.40460205078125
2022-03-03,QQQ,334.5562744140625
2022-03-04,QQQ,329.7078857421875
2022-03-07,QQQ,317.5478210449219
2022-03-08,QQQ,316.07183837890625
2022-03-09,QQQ,327.44989013671875
2022-03-10,QQQ,323.8135986328125
2022-03-11,QQQ,317.0981750488281
2022-03-14,QQQ,311.0084533691406
2022-03-15,QQQ,320.7638244628906
2022-03-16,QQQ,332.6598815917969
2022-03-17,QQQ,336.6871643066406
2022-03-18,QQQ,343.5783996582031
2022-03-21,QQQ,342.6231994628906
2022-03-22,QQQ,349.356689453125
2022-03-23,QQQ,344.3359680175781
2022-03-24,QQQ,351.9894714355469
2022-03-25,QQQ,351.69580078125
2022-03-28,QQQ,357.13739013671875
2022-03-29,QQQ,363.2835998535156
2022-03-30,QQQ,359.27093505859375
2022-03-31,QQQ,354.81787109375
2022-04-01,QQQ,354.142578125
2022-04-04,QQQ,361.4338684082031
2022-04-05,QQQ,353.4085388183594
2022-04-06,QQQ,345.73553466796875
2022-04-07,QQQ,346.55767822265625
2022-04-08,QQQ,341.7130432128906
2022-04-11,QQQ,333.6289978027344
2022-04-12,QQQ,332.2196350097656
2022-04-13,QQQ,338.97271728515625
2022-04-14,QQQ,331.22137451171875
2022-04-18,QQQ,331.47589111328125
2022-04-19,QQQ,338.8846740722656
2022-04-20,QQQ,333.94219970703125
2022-04-21,QQQ,327.0325927734375
2022-04-22,QQQ,318.46893310546875
2022-04-25,QQQ,322.55987548828125
2022-04-26,QQQ,310.3848876953125
2022-04-27,QQQ,310.0129699707031
2022-04-28,QQQ,321.0233459472656
2022-04-29,QQQ,306.5777282714844
2022-05-02,QQQ,311.69635009765625
2022-05-03,QQQ,312.0291442871094
2022-05-04,QQQ,322.5794677734375
2022-05-05,QQQ,306.3330383300781
2022-05-06,QQQ,302.6629333496094
2022-05-09,QQQ,290.8206481933594
2022-05-10,QQQ,294.353759765625
2022-05-11,QQQ,285.623779296875
2022-05-12,QQQ,284.948486328125
2022-05-13,QQQ,295.5086975097656
2022-05-16,QQQ,292.0831298828125
2022-05-17,QQQ,299.6485900878906
2022-05-18,QQQ,284.9386291503906
2022-05-19,QQQ,283.41192626953125
2022-05-20,QQQ,282.531005859375
2022-05-23,QQQ,287.2288818359375
2022-05-24,QQQ,281.1217346191406
2022-05-25,QQQ,285.0561828613281
2022-05-26,QQQ,292.9541931152344
2022-05-27,QQQ,302.5162048339844
2022-05-31,QQQ,301.7135314941406
2022-06-01,QQQ,299.4821472167969
2022-06-02,QQQ,307.6837158203125
2022-06-03,QQQ,299.67791748046875
2022-06-06,QQQ,300.6761779785156
2022-06-07,QQQ,303.2697448730469
2022-06-08,QQQ,301.0872802734375
2022-06-09,QQQ,293.022705078125
2022-06-10,QQQ,282.6877136230469
2022-06-13,QQQ,269.54376220703125
2022-06-14,QQQ,270.0330810546875
2022-06-15,QQQ,276.77630615234375
2022-06-16,QQQ,265.609375
2022-06-17,QQQ,268.8390808105469
2022-06-21,QQQ,275.6217346191406
2022-06-22,QQQ,275.2197570800781
2022-06-23,QQQ,279.3185119628906
2022-06-24,QQQ,288.8890686035156
2022-06-27,QQQ,286.77099609375
2022-06-28,QQQ,278.0339660644531
2022-06-29,QQQ,278.2889404296875
2022-06-30,QQQ,274.8373107910156
2022-07-01,QQQ,276.6513671875
2022-07-05,QQQ,281.3875732421875
2022-07-06,QQQ,283.1918029785156
2022-07-07,QQQ,289.2518615722656
2022-07-08,QQQ,289.61468505859375
2022-07-11,QQQ,283.4271545410156
2022-07-12,QQQ,280.6815490722656
2022-07-13,QQQ,280.10302734375
2022-07-14,QQQ,281.10321044921875
2022-07-15,QQQ,286.20220947265625
2022-07-18,QQQ,283.7801513671875
2022-07-19,QQQ,292.50732421875
2022-07-20,QQQ,297.1455078125
2022-07-21,QQQ,301.4110412597656
2022-07-22,QQQ,296.1257019042969
2022-07-25,QQQ,294.4391174316406
2022-07-26,QQQ,288.65362548828125
2022-07-27,QQQ,300.8521423339844
2022-07-28,QQQ,303.7938537597656
2022-07-29,QQQ,309.33416748046875
2022-08-01,QQQ,309.1478576660156
2022-08-02,QQQ,308.22607421875
2022-08-03,QQQ,316.619873046875
2022-08-04,QQQ,318.10052490234375
2022-08-05,QQQ,315.5019836425781
2022-08-08,QQQ,314.482177734375
2022-08-09,QQQ,310.922607421875
2022-08-10,QQQ,319.6008605957031
2022-08-11,QQQ,317.7867126464844
2022-08-12,QQQ,323.9742126464844
2022-08-15,QQQ,326.5924072265625
2022-08-16,QQQ,325.8274841308594
2022-08-17,QQQ,322.1111145019531
2022-08-18,QQQ,322.88580322265625
2022-08-19,QQQ,316.5904235839844
2022-08-22,QQQ,308.2555236816406
2022-08-23,QQQ,308.0005798339844
2022-08-24,QQQ,308.8929138183594
2022-08-25,QQQ,314.3547058105469
2022-08-26,QQQ,301.4698791503906
2022-08-29,QQQ,298.49871826171875
2022-08-30,QQQ,295.1745300292969
2022-08-31,QQQ,293.4585266113281
2022-09-01,QQQ,293.5859680175781
2022-09-02,QQQ,289.4381408691406
2022-09-06,QQQ,287.35931396484375
2022-09-07,QQQ,293.1644287109375
2022-09-08,QQQ,294.6842346191406
2022-09-09,QQQ,301.1266784667969
2022-09-12,QQQ,304.705810546875
2022-09-13,QQQ,287.9967041015625
2022-09-14,QQQ,290.28143310546875
2022-09-15,QQQ,285.4471740722656
2022-09-16,QQQ,283.7017822265625
2022-09-19,QQQ,285.9110107421875
2022-09-20,QQQ,283.6319885253906
2022-09-21,QQQ,278.55328369140625
2022-09-22,QQQ,275.1248779296875
2022-09-23,QQQ,270.64544677734375
2022-09-26,QQQ,269.52557373046875
2022-09-27,QQQ,269.63360595703125
2022-09-28,QQQ,274.9971923828125
2022-09-29,QQQ,267.0697021484375
2022-09-30,QQQ,262.5411071777344
2022-10-03,QQQ,268.70037841796875
2022-10-04,QQQ,277.1485290527344
2022-10-05,QQQ,277.0011901855469
2022-10-06,QQQ,274.82037353515625
2022-10-07,QQQ,264.3486328125
2022-10-10,QQQ,261.7060852050781
2022-10-11,QQQ,258.1107482910156
2022-10-12,QQQ,258.02227783203125
2022-10-13,QQQ,264.07354736328125
2022-10-14,QQQ,256.13616943359375
2022-10-17,QQQ,264.59417724609375
2022-10-18,QQQ,266.6865539550781
2022-10-19,QQQ,265.71405029296875
2022-10-20,QQQ,264.3583984375
2022-10-21,QQQ,270.5569763183594
2022-10-24,QQQ,273.5335388183594
2022-10-25,QQQ,279.1918029785156
2022-10-26,QQQ,273.0226745605469
2022-10-27,QQQ,268.05206298828125
2022-10-28,QQQ,276.25457763671875
2022-10-31,QQQ,273.04229736328125
2022-11-01,QQQ,270.2524719238281
2022-11-02,QQQ,260.98895263671875
2022-11-03,QQQ,255.89059448242188
2022-11-04,QQQ,260.00665283203125
2022-11-07,QQQ,262.8652648925781
2022-11-08,QQQ,264.7808837890625
2022-11-09,QQQ,258.670654296875
2022-11-10,QQQ,277.75762939453125
2022-11-11,QQQ,282.8755798339844
2022-11-14,QQQ,280.4000549316406
2022-11-15,QQQ,284.2803649902344
2022-11-16,QQQ,280.4000549316406
2022-11-17,QQQ,279.7812194824219
2022-11-18,QQQ,279.791015625
2022-11-21,QQQ,276.91278076171875
2022-11-22,QQQ,280.9010925292969
2022-11-23,QQQ,283.72039794921875
2022-11-25,QQQ,281.85394287109375
2022-11-28,QQQ,277.7182922363281
2022-11-29,QQQ,275.6160888671875
2022-11-30,QQQ,288.1802062988281
2022-12-01,QQQ,288.5339050292969
2022-12-02,QQQ,287.38458251953125
2022-12-05,QQQ,282.5612487792969
2022-12-06,QQQ,276.7064514160156
2022-12-07,QQQ,275.5767822265625
2022-12-08,QQQ,278.83819580078125
2022-12-09,QQQ,277.0601501464844
2022-12-12,QQQ,280.53759765625
2022-12-13,QQQ,283.55340576171875
2022-12-14,QQQ,281.45123291015625
2022-12-15,QQQ,272.0010681152344
2022-12-16,QQQ,269.4076843261719
2022-12-19,QQQ,265.6214904785156
2022-12-20,QQQ,265.41473388671875
2022-12-21,QQQ,269.2649230957031
2022-12-22,QQQ,262.6773376464844
2022-12-23,QQQ,263.26812744140625
2022-12-27,QQQ,259.54595947265625
2022-12-28,QQQ,256.11920166015625
2022-12-29,QQQ,262.3622131347656
2022-12-30,QQQ,262.20465087890625
2020-01-02,SPY,299.4063415527344
2020-01-03,SPY,297.1392517089844
2020-01-06,SPY,298.2728576660156
2020-01-07,SPY,297.4341735839844
2020-01-08,SPY,299.0193786621094
2020-01-09,SPY,301.046875
2020-01-10,SPY,300.1806335449219
2020-01-13,SPY,302.2449951171875
2020-01-14,SPY,301.78424072265625
2020-01-15,SPY,302.46624755859375
2020-01-16,SPY,304.9822082519531
2020-01-17,SPY,305.9315490722656
2020-01-21,SPY,305.3324890136719
2020-01-22,SPY,305.369384765625
2020-01-23,SPY,305.719482421875
2020-01-24,SPY,303.0007629394531
2020-01-27,SPY,298.14385986328125
2020-01-28,SPY,301.26824951171875
2020-01-29,SPY,301.0192565917969
2020-01-30,SPY,301.9962463378906
2020-01-31,SPY,296.5125427246094
2020-02-03,SPY,298.71514892578125
2020-02-04,SPY,303.2679443359375
2020-02-05,SPY,306.7701721191406
2020-02-06,SPY,307.8023986816406
2020-02-07,SPY,306.16192626953125
2020-02-10,SPY,308.447509765625
2020-02-11,SPY,308.9820861816406
2020-02-12,SPY,310.9728088378906
2020-02-13,SPY,310.64093017578125
2020-02-14,SPY,311.1386413574219
2020-02-18,SPY,310.3368835449219
2020-02-19,SPY,311.8206481933594
2020-02-20,SPY,310.5395812988281
2020-02-21,SPY,307.341552734375
2020-02-24,SPY,297.1484069824219
2020-02-25,SPY,288.1441955566406
2020-02-26,SPY,287.08441162109375
2020-02-27,SPY,274.19097900390625
2020-02-28,SPY,273.0389404296875
2020-03-02,SPY,284.8633117675781
2020-03-03,SPY,276.70697021484375
2020-03-04,SPY,288.33782958984375
2020-03-05,SPY,278.7528991699219
2020-03-06,SPY,274.1448669433594
2020-03-09,SPY,252.7356414794922
2020-03-10,SPY,265.8134460449219
2020-03-11,SPY,252.8554229736328
2020-03-12,SPY,228.6629180908203
2020-03-13,SPY,248.21051025390625
2020-03-16,SPY,221.0504150390625
2020-03-17,SPY,232.9853515625
2020-03-18,SPY,221.1885986328125
2020-03-19,SPY,221.6586151123047
2020-03-20,SPY,212.10641479492188
2020-03-23,SPY,206.6832733154297
2020-03-24,SPY,225.40940856933594
2020-03-25,SPY,228.7838592529297
2020-03-26,SPY,242.1425323486328
2020-03-27,SPY,234.93014526367188
2020-03-30,SPY,242.5596923828125
2020-03-31,SPY,238.94422912597656
2020-04-01,SPY,228.19056701660156
2020-04-02,SPY,233.45614624023438
2020-04-03,SPY,230.08172607421875
2020-04-06,SPY,245.53546142578125
2020-04-07,SPY,245.78575134277344
2020-04-08,SPY,254.03640747070312
2020-04-09,SPY,257.9022216796875
2020-04-13,SPY,255.54751586914062
2020-04-14,SPY,263.08428955078125
2020-04-15,SPY,257.4942626953125
2020-04-16,SPY,258.73651123046875
2020-04-17,SPY,265.7263488769531
2020-04-20,SPY,261.0447692871094
2020-04-21,SPY,253.11865234375
2020-04-22,SPY,258.73651123046875
2020-04-23,SPY,258.7178649902344
2020-04-24,SPY,262.3240966796875
2020-04-27,SPY,266.1064758300781
2020-04-28,SPY,264.88275146484375
2020-04-29,SPY,271.8170166015625
2020-04-30,SPY,269.2861328125
2020-05-01,SPY,262.1572265625
2020-05-04,SPY,262.8804016113281
2020-05-05,SPY,265.3091735839844
2020-05-06,SPY,263.51068115234375
2020-05-07,SPY,266.6904602050781
2020-05-08,SPY,271.1031799316406
2020-05-11,SPY,271.1588134765625
2020-05-12,SPY,265.754150390625
2020-05-13,SPY,261.0540771484375
2020-05-14,SPY,264.1782531738281
2020-05-15,SPY,265.39263916015625
2020-05-18,SPY,273.47637939453125
2020-05-19,SPY,270.6675109863281
2020-05-20,SPY,275.26556396484375
2020-05-21,SPY,273.36517333984375
2020-05-22,SPY,273.8843078613281
2020-05-26,SPY,277.25872802734375
2020-05-27,SPY,281.3840637207031
2020-05-28,SPY,280.8648376464844
2020-05-29,SPY,282.1163635253906
2020-06-01,SPY,283.2566223144531
2020-06-02,SPY,285.6020812988281
2020-06-03,SPY,289.4029235839844
2020-06-04,SPY,288.6427307128906
2020-06-05,SPY,296.04046630859375
2020-06-08,SPY,299.618896484375
2020-06-09,SPY,297.38470458984375
2020-06-10,SPY,295.7253112792969
2020-06-11,SPY,278.6770324707031
2020-06-12,SPY,282.014404296875
2020-06-15,SPY,284.647216796875
2020-06-16,SPY,290.1260681152344
2020-06-17,SPY,288.9208984375
2020-06-18,SPY,289.0321044921875
2020-06-19,SPY,287.38031005859375
2020-06-22,SPY,289.223876953125
2020-06-23,SPY,290.5553894042969
2020-06-24,SPY,283.14373779296875
2020-06-25,SPY,286.1791687011719
2020-06-26,SPY,279.3819580078125
2020-06-29,SPY,283.48822021484375
2020-06-30,SPY,287.11956787109375
2020-07-01,SPY,289.1307678222656
2020-07-02,SPY,290.7230529785156
2020-07-06,SPY,295.2109680175781
2020-07-07,SPY,292.166259765625
2020-07-08,SPY,294.4009094238281
2020-07-09,SPY,292.7249450683594
2020-07-10,SPY,295.7138366699219
2020-07-13,SPY,293.1532287597656
2020-07-14,SPY,296.9522399902344
2020-07-15,SPY,299.680419921875
2020-07-16,SPY,298.6933898925781
2020-07-17,SPY,299.55926513671875
2020-07-20,SPY,301.980224609375
2020-07-21,SPY,302.6226806640625
2020-07-22,SPY,304.34527587890625
2020-07-23,SPY,300.7138671875
2020-07-24,SPY,298.7771911621094
2020-07-27,SPY,300.9559631347656
2020-07-28,SPY,299.04718017578125
2020-07-29,SPY,302.7251281738281
2020-07-30,SPY,301.6451110839844
2020-07-31,SPY,304.02862548828125
2020-08-03,SPY,306.14239501953125
2020-08-04,SPY,307.32476806640625
2020-08-05,SPY,309.233642578125
2020-08-06,SPY,311.30072021484375
2020-08-07,SPY,311.5242004394531
2020-08-10,SPY,312.4552917480469
2020-08-11,SPY,309.87615966796875
2020-08-12,SPY,314.19647216796875
2020-08-13,SPY,313.6285400390625
2020-08-14,SPY,313.63787841796875
2020-08-17,SPY,314.6341552734375
2020-08-18,SPY,315.3138732910156
2020-08-19,SPY,314.0009765625
2020-08-20,SPY,314.9786071777344
2020-08-21,SPY,316.0960388183594
2020-08-24,SPY,319.29901123046875
2020-08-25,SPY,320.4164123535156
2020-08-26,SPY,323.62872314453125
2020-08-27,SPY,324.33648681640625
2020-08-28,SPY,326.4313049316406
2020-08-31,SPY,325.2488708496094
2020-09-01,SPY,328.3122863769531
2020-09-02,SPY,333.06103515625
2020-09-03,SPY,321.5989074707031
2020-09-04,SPY,318.9731750488281
2020-09-08,SPY,310.2578430175781
2020-09-09,SPY,316.3847351074219
2020-09-10,SPY,310.8910217285156
2020-09-11,SPY,311.04931640625
2020-09-14,SPY,315.1462097167969
2020-09-15,SPY,316.7384948730469
2020-09-16,SPY,315.4814758300781
2020-09-17,SPY,312.70672607421875
2020-09-18,SPY,309.1065979003906
2020-09-21,SPY,305.6663513183594
2020-09-22,SPY,308.7794189453125
2020-09-23,SPY,301.6185607910156
2020-09-24,SPY,302.4224853515625
2020-09-25,SPY,307.31170654296875
2020-09-28,SPY,312.4159851074219
2020-09-29,SPY,310.714599609375
2020-09-30,SPY,313.0703430175781
2020-10-01,SPY,315.080322265625
2020-10-02,SPY,312.08880615234375
2020-10-05,SPY,317.6230773925781
2020-10-06,SPY,313.1077880859375
2020-10-07,SPY,318.5579528808594
2020-10-08,SPY,321.38116455078125
2020-10-09,SPY,324.2510986328125
2020-10-12,SPY,329.4675598144531
2020-10-13,SPY,327.31744384765625
2020-10-14,SPY,325.2607421875
2020-10-15,SPY,324.8587951660156
2020-10-16,SPY,324.66241455078125
2020-10-19,SPY,319.72650146484375
2020-10-20,SPY,321.0072326660156
2020-10-21,SPY,320.39959716796875
2020-10-22,SPY,322.1571044921875
2020-10-23,SPY,323.25079345703125
2020-10-26,SPY,317.2771911621094
2020-10-27,SPY,316.1834411621094
2020-10-28,SPY,305.37664794921875
2020-10-29,SPY,308.4803161621094
2020-10-30,SPY,305.264404296875
2020-11-02,SPY,308.68597412109375
2020-11-03,SPY,314.13604736328125
2020-11-04,SPY,321.1567077636719
2020-11-05,SPY,327.4202575683594
2020-11-06,SPY,327.3453674316406
2020-11-09,SPY,331.4588317871094
2020-11-10,SPY,330.97259521484375
2020-11-11,SPY,333.431396484375
2020-11-12,SPY,330.19671630859375
2020-11-13,SPY,334.7681579589844
2020-11-16,SPY,338.94683837890625
2020-11-17,SPY,337.1239318847656
2020-11-18,SPY,333.0666809082031
2020-11-19,SPY,334.4689636230469
2020-11-20,SPY,332.1785888671875
2020-11-23,SPY,334.1698303222656
2020-11-24,SPY,339.5545349121094
2020-11-25,SPY,339.0310363769531
2020-11-27,SPY,339.97528076171875
2020-11-30,SPY,338.4701232910156
2020-12-01,SPY,342.1720886230469
2020-12-02,SPY,342.89190673828125
2020-12-03,SPY,342.7984619140625
2020-12-04,SPY,345.7525634765625
2020-12-07,SPY,345.04205322265625
2020-12-08,SPY,346.0517578125
2020-12-09,SPY,342.947998046875
2020-12-10,SPY,342.83587646484375
2020-12-11,SPY,342.433837890625
2020-12-14,SPY,340.9007568359375
2020-12-15,SPY,345.5094909667969
2020-12-16,SPY,346.0517578125
2020-12-17,SPY,347.9867858886719
2020-12-18,SPY,346.5973815917969
2020-12-21,SPY,345.35809326171875
2020-12-22,SPY,344.7760314941406
2020-12-23,SPY,345.08587646484375
2020-12-24,SPY,346.4283447265625
2020-12-28,SPY,349.40447998046875
2020-12-29,SPY,348.7378845214844
2020-12-30,SPY,349.2354431152344
2020-12-31,SPY,351.0099182128906
2021-01-04,SPY,346.2312316894531
2021-01-05,SPY,348.6158752441406
2021-01-06,SPY,350.7000427246094
2021-01-07,SPY,355.9106140136719
2021-01-08,SPY,357.93841552734375
2021-01-11,SPY,355.5256652832031
2021-01-12,SPY,355.60076904296875
2021-01-13,SPY,356.558349609375
2021-01-14,SPY,355.30975341796875
2021-01-15,SPY,352.71856689453125
2021-01-19,SPY,355.488037109375
2021-01-20,SPY,360.4075927734375
2021-01-21,SPY,360.7361755371094
2021-01-22,SPY,359.4593505859375
2021-01-25,SPY,360.8769836425781
2021-01-26,SPY,360.3136901855469
2021-01-27,SPY,351.5074462890625
2021-01-28,SPY,354.5304870605469
2021-01-29,SPY,347.4329833984375
2021-02-01,SPY,353.2161865234375
2021-02-02,SPY,358.2107238769531
2021-02-03,SPY,358.4923400878906
2021-02-04,SPY,362.56689453125
2021-02-05,SPY,363.9938659667969
2021-02-08,SPY,366.6225891113281
2021-02-09,SPY,366.3785400390625
2021-02-10,SPY,366.2188720703125
2021-02-11,SPY,366.8103942871094
2021-02-12,SPY,368.6223449707031
2021-02-16,SPY,368.3031311035156
2021-02-17,SPY,368.3876953125
2021-02-18,SPY,366.8197937011719
2021-02-19,SPY,366.1719055175781
2021-02-22,SPY,363.3554992675781
2021-02-23,SPY,363.7967834472656
2021-02-24,SPY,367.8055419921875
2021-02-25,SPY,358.9429931640625
2021-02-26,SPY,357.09356689453125
2021-03-01,SPY,365.74951171875
2021-03-02,SPY,362.89544677734375
2021-03-03,SPY,358.088623046875
2021-03-04,SPY,353.65740966796875
2021-03-05,SPY,360.1634826660156
2021-03-08,SPY,358.37030029296875
2021-03-09,SPY,363.4869384765625
2021-03-10,SPY,365.74951171875
2021-03-11,SPY,369.4578552246094
2021-03-12,SPY,369.95550537109375
2021-03-15,SPY,372.16168212890625
2021-03-16,SPY,371.6922302246094
2021-03-17,SPY,372.9597473144531
2021-03-18,SPY,367.5332946777344
2021-03-19,SPY,366.853271484375
2021-03-22,SPY,369.7825622558594
2021-03-23,SPY,366.8721008300781
2021-03-24,SPY,365.0071105957031
2021-03-25,SPY,367.0604248046875
2021-03-26,SPY,372.9756774902344
2021-03-29,SPY,372.78729248046875
2021-03-30,SPY,371.7982482910156
2021-03-31,SPY,373.30535888671875
2021-04-01,SPY,377.336669921875
2021-04-05,SPY,382.7525329589844
2021-04-06,SPY,382.5265197753906
2021-04-07,SPY,382.9691162109375
2021-04-08,SPY,384.787109375
2021-04-09,SPY,387.58453369140625
2021-04-12,SPY,387.7258605957031
2021-04-13,SPY,388.8749694824219
2021-04-14,SPY,387.5468444824219
2021-04-15,SPY,391.7100830078125
2021-04-16,SPY,393.0193176269531
2021-04-19,SPY,391.0884704589844
2021-04-20,SPY,388.22509765625
2021-04-21,SPY,391.8985900878906
2021-04-22,SPY,388.31927490234375
2021-04-23,SPY,392.529541015625
2021-04-26,SPY,393.3489990234375
2021-04-27,SPY,393.2642822265625
2021-04-28,SPY,393.1512145996094
2021-04-29,SPY,395.6567077636719
2021-04-30,SPY,393.0569763183594
2021-05-03,SPY,393.90484619140625
2021-05-04,SPY,391.4745788574219
2021-05-05,SPY,391.5971374511719
2021-05-06,SPY,394.7242126464844
2021-05-07,SPY,397.59698486328125
2021-05-10,SPY,393.6598815917969
2021-05-11,SPY,390.14654541015625
2021-05-12,SPY,381.8577575683594
2021-05-13,SPY,386.44482421875
2021-05-14,SPY,392.37884521484375
2021-05-17,SPY,391.3804931640625
2021-05-18,SPY,388.00848388671875
2021-05-19,SPY,386.9911193847656
2021-05-20,SPY,391.15435791015625
2021-05-21,SPY,390.83416748046875
2021-05-24,SPY,394.8183898925781
2021-05-25,SPY,393.9424133300781
2021-05-26,SPY,394.7242126464844
2021-05-27,SPY,394.93145751953125
2021-05-28,SPY,395.6379089355469
2021-06-01,SPY,395.2893981933594
2021-06-02,SPY,395.91107177734375
2021-06-03,SPY,394.44158935546875
2021-06-04,SPY,398.0491943359375
2021-06-07,SPY,397.66290283203125
2021-06-08,SPY,397.7477111816406
2021-06-09,SPY,397.15435791015625
2021-06-10,SPY,399.0003967285156
2021-06-11,SPY,399.6597900390625
2021-06-14,SPY,400.5545959472656
2021-06-15,SPY,399.8199157714844
2021-06-16,SPY,397.58758544921875
2021-06-17,SPY,397.4557189941406
2021-06-18,SPY,392.0939025878906
2021-06-21,SPY,397.7071228027344
2021-06-22,SPY,399.8333435058594
2021-06-23,SPY,399.3514099121094
2021-06-24,SPY,401.7138366699219
2021-06-25,SPY,403.1407470703125
2021-06-28,SPY,403.9534606933594
2021-06-29,SPY,404.17083740234375
2021-06-30,SPY,404.510986328125
2021-07-01,SPY,406.7506408691406
2021-07-02,SPY,409.8596496582031
2021-07-06,SPY,409.1130676269531
2021-07-07,SPY,410.5588684082031
2021-07-08,SPY,407.2137145996094
2021-07-09,SPY,411.56060791015625
2021-07-12,SPY,413.03472900390625
2021-07-13,SPY,411.6268005371094
2021-07-14,SPY,412.2410583496094
2021-07-15,SPY,410.8330078125
2021-07-16,SPY,407.610595703125
2021-07-19,SPY,401.5910949707031
2021-07-20,SPY,407.34600830078125
2021-07-21,SPY,410.64398193359375
2021-07-22,SPY,411.5038757324219
2021-07-23,SPY,415.7374267578125
2021-07-26,SPY,416.75799560546875
2021-07-27,SPY,414.8586120605469
2021-07-28,SPY,414.6884765625
2021-07-29,SPY,416.4083557128906
2021-07-30,SPY,414.3861389160156
2021-08-02,SPY,413.5167541503906
2021-08-03,SPY,416.880859375
2021-08-04,SPY,414.8302307128906
2021-08-05,SPY,417.45733642578125
2021-08-06,SPY,418.14715576171875
2021-08-09,SPY,417.8069152832031
2021-08-10,SPY,418.3266906738281
2021-08-11,SPY,419.3662109375
2021-08-12,SPY,420.623046875
2021-08-13,SPY,421.3885192871094
2021-08-16,SPY,422.38067626953125
2021-08-17,SPY,419.61187744140625
2021-08-18,SPY,415.0192565917969
2021-08-19,SPY,415.6618347167969
2021-08-20,SPY,418.96929931640625
2021-08-23,SPY,422.65478515625
2021-08-24,SPY,423.3257141113281
2021-08-25,SPY,424.2139892578125
2021-08-26,SPY,421.7097473144531
2021-08-27,SPY,425.4802551269531
2021-08-30,SPY,427.35125732421875
2021-08-31,SPY,426.71820068359375
2021-09-01,SPY,426.94500732421875
2021-09-02,SPY,428.258544921875
2021-09-03,SPY,428.154541015625
2021-09-07,SPY,426.6237487792969
2021-09-08,SPY,426.10394287109375
2021-09-09,SPY,424.28009033203125
2021-09-10,SPY,420.9348449707031
2021-09-13,SPY,422.01214599609375
2021-09-14,SPY,419.7347106933594
2021-09-15,SPY,423.24066162109375
2021-09-16,SPY,422.5697021484375
2021-09-17,SPY,418.45343017578125
2021-09-20,SPY,411.4761047363281
2021-09-21,SPY,411.0873718261719
2021-09-22,SPY,415.0974426269531
2021-09-23,SPY,420.1408996582031
2021-09-24,SPY,420.8329162597656
2021-09-27,SPY,419.6289978027344
2021-09-28,SPY,411.1726989746094
2021-09-29,SPY,411.86474609375
2021-09-30,SPY,406.8307800292969
2021-10-01,SPY,411.6656188964844
2021-10-04,SPY,406.3567810058594
2021-10-05,SPY,410.5849609375
2021-10-06,SPY,412.2913818359375
2021-10-07,SPY,415.85589599609375
2021-10-08,SPY,415.0974426269531
2021-10-11,SPY,412.09228515625
2021-10-12,SPY,411.0779113769531
2021-10-13,SPY,412.55682373046875
2021-10-14,SPY,419.4962463378906
2021-10-15,SPY,422.6910400390625
2021-10-18,SPY,423.94244384765625
2021-10-19,SPY,427.2131042480469
2021-10-20,SPY,428.89105224609375
2021-10-21,SPY,430.009765625
2021-10-22,SPY,429.564208984375
2021-10-25,SPY,431.8678283691406
2021-10-26,SPY,432.2565002441406
2021-10-27,SPY,430.3415222167969
2021-10-28,SPY,434.493896484375
2021-10-29,SPY,435.3755187988281
2021-11-01,SPY,436.1244201660156
2021-11-02,SPY,437.8877258300781
2021-11-03,SPY,440.5611572265625
2021-11-04,SPY,442.6372375488281
2021-11-05,SPY,444.1730651855469
2021-11-08,SPY,444.55224609375
2021-11-09,SPY,443.08282470703125
2021-11-10,SPY,439.5182800292969
2021-11-11,SPY,439.66046142578125
2021-11-12,SPY,442.9785461425781
2021-11-15,SPY,443.1302490234375
2021-11-16,SPY,444.88409423828125
2021-11-17,SPY,443.8033142089844
2021-11-18,SPY,445.31072998046875
2021-11-19,SPY,444.5143737792969
2021-11-22,SPY,443.26300048828125
2021-11-23,SPY,443.8507385253906
2021-11-24,SPY,445.0357971191406
2021-11-26,SPY,435.11004638671875
2021-11-29,SPY,440.4473571777344
2021-11-30,SPY,431.87738037109375
2021-12-01,SPY,427.080322265625
2021-12-02,SPY,433.6216735839844
2021-12-03,SPY,429.8486328125
2021-12-06,SPY,434.939453125
2021-12-07,SPY,443.93609619140625
2021-12-08,SPY,445.11163330078125
2021-12-09,SPY,442.1064147949219
2021-12-10,SPY,446.2681884765625
2021-12-13,SPY,442.31500244140625
2021-12-14,SPY,439.2718505859375
2021-12-15,SPY,446.1354675292969
2021-12-16,SPY,442.2012023925781
2021-12-17,SPY,437.49481201171875
2021-12-20,SPY,432.84283447265625
2021-12-21,SPY,440.5296630859375
2021-12-22,SPY,444.9344482421875
2021-12-23,SPY,447.7028503417969
2021-12-27,SPY,454.03875732421875
2021-12-28,SPY,453.66778564453125
2021-12-29,SPY,454.24810791015625
2021-12-30,SPY,452.9923095703125
2021-12-31,SPY,451.85064697265625
2022-01-03,SPY,454.46685791015625
2022-01-04,SPY,454.3147277832031
2022-01-05,SPY,445.59088134765625
2022-01-06,SPY,445.1722412109375
2022-01-07,SPY,443.4122619628906
2022-01-10,SPY,442.86053466796875
2022-01-11,SPY,446.8941955566406
2022-01-12,SPY,448.1023254394531
2022-01-13,SPY,441.9281311035156
2022-01-14,SPY,442.1089782714844
2022-01-18,SPY,434.2793884277344
2022-01-19,SPY,429.7699279785156
2022-01-20,SPY,425.0132751464844
2022-01-21,SPY,416.6699523925781
2022-01-24,SPY,418.4394226074219
2022-01-25,SPY,413.33074951171875
2022-01-26,SPY,412.2937927246094
2022-01-27,SPY,410.2579345703125
2022-01-28,SPY,420.4468688964844
2022-01-31,SPY,428.01947021484375
2022-02-01,SPY,430.9116516113281
2022-02-02,SPY,435.0975036621094
2022-02-03,SPY,424.87054443359375
2022-02-04,SPY,426.8683776855469
2022-02-07,SPY,425.4984436035156
2022-02-08,SPY,428.99945068359375
2022-02-09,SPY,435.2783203125
2022-02-10,SPY,427.458251953125
2022-02-11,SPY,419.029296875
2022-02-14,SPY,417.65936279296875
2022-02-15,SPY,424.3948669433594
2022-02-16,SPY,424.87054443359375
2022-02-17,SPY,415.794677734375
2022-02-18,SPY,413.1023864746094
2022-02-22,SPY,408.6691589355469
2022-02-23,SPY,401.4199523925781
2022-02-24,SPY,407.46087646484375
2022-02-25,SPY,416.45111083984375
2022-02-28,SPY,415.38568115234375
2022-03-01,SPY,409.0592346191406
2022-03-02,SPY,416.58441162109375
2022-03-03,SPY,414.51043701171875
2022-03-04,SPY,411.1427001953125
2022-03-07,SPY,399.02252197265625
2022-03-08,SPY,395.9972229003906
2022-03-09,SPY,406.61419677734375
2022-03-10,SPY,404.77813720703125
2022-03-11,SPY,399.6314392089844
2022-03-14,SPY,396.7107238769531
2022-03-15,SPY,405.4346008300781
2022-03-16,SPY,414.42474365234375
2022-03-17,SPY,419.6096496582031
2022-03-18,SPY,424.20556640625
2022-03-21,SPY,424.08148193359375
2022-03-22,SPY,429.04376220703125
2022-03-23,SPY,423.5184326171875
2022-03-24,SPY,429.9027099609375
2022-03-25,SPY,432.002197265625
2022-03-28,SPY,435.0749816894531
2022-03-29,SPY,440.45721435546875
2022-03-30,SPY,437.7375183105469
2022-03-31,SPY,431.0001525878906
2022-04-01,SPY,432.2217102050781
2022-04-04,SPY,435.9243469238281
2022-04-05,SPY,430.4179992675781
2022-04-06,SPY,426.1141052246094
2022-04-07,SPY,428.26129150390625
2022-04-08,SPY,427.1161804199219
2022-04-11,SPY,419.8157958984375
2022-04-12,SPY,418.26019287109375
2022-04-13,SPY,423.0508117675781
2022-04-14,SPY,417.7830505371094
2022-04-18,SPY,417.95489501953125
2022-04-19,SPY,424.7017517089844
2022-04-20,SPY,424.3868408203125
2022-04-21,SPY,418.0407409667969
2022-04-22,SPY,406.570068359375
2022-04-25,SPY,408.92718505859375
2022-04-26,SPY,397.0843200683594
2022-04-27,SPY,398.2007751464844
2022-04-28,SPY,408.2591857910156
2022-04-29,SPY,393.1717224121094
2022-05-02,SPY,395.5383605957031
2022-05-03,SPY,397.3515625
2022-05-04,SPY,409.4520568847656
2022-05-05,SPY,394.8989562988281
2022-05-06,SPY,392.54180908203125
2022-05-09,SPY,379.9737243652344
2022-05-10,SPY,380.8516845703125
2022-05-11,SPY,374.8013916015625
2022-05-12,SPY,374.41015625
2022-05-13,SPY,383.3614807128906
2022-05-16,SPY,381.8059997558594
2022-05-17,SPY,389.659912109375
2022-05-18,SPY,373.9520568847656
2022-05-19,SPY,371.6618347167969
2022-05-20,SPY,371.82403564453125
2022-05-23,SPY,378.78082275390625
2022-05-24,SPY,375.88934326171875
2022-05-25,SPY,379.2103271484375
2022-05-26,SPY,386.7873840332031
2022-05-27,SPY,396.28271484375
2022-05-31,SPY,394.0591735839844
2022-06-01,SPY,390.871826171875
2022-06-02,SPY,398.3154602050781
2022-06-03,SPY,391.7784118652344
2022-06-06,SPY,392.9713134765625
2022-06-07,SPY,396.74078369140625
2022-06-08,SPY,392.4273376464844
2022-06-09,SPY,383.0942687988281
2022-06-10,SPY,371.9861755371094
2022-06-13,SPY,357.8625793457031
2022-06-14,SPY,356.78424072265625
2022-06-15,SPY,361.8706970214844
2022-06-16,SPY,349.8941955566406
2022-06-17,SPY,350.6484375
2022-06-21,SPY,359.4755554199219
2022-06-22,SPY,358.8238525390625
2022-06-23,SPY,362.3412170410156
2022-06-24,SPY,373.86138916015625
2022-06-27,SPY,372.43341064453125
2022-06-28,SPY,364.82354736328125
2022-06-29,SPY,364.5263977050781
2022-06-30,SPY,361.5648498535156
2022-07-01,SPY,365.3890075683594
2022-07-05,SPY,366.0790710449219
2022-07-06,SPY,367.3154602050781
2022-07-07,SPY,372.8167419433594
2022-07-08,SPY,372.5101013183594
2022-07-11,SPY,368.2546081542969
2022-07-12,SPY,364.9960021972656
2022-07-13,SPY,363.0791320800781
2022-07-14,SPY,362.1974182128906
2022-07-15,SPY,369.1172790527344
2022-07-18,SPY,366.0694885253906
2022-07-19,SPY,375.96038818359375
2022-07-20,SPY,378.3564453125
2022-07-21,SPY,382.2093505859375
2022-07-22,SPY,378.6631164550781
2022-07-25,SPY,379.123291015625
2022-07-26,SPY,374.6378173828125
2022-07-27,SPY,384.36578369140625
2022-07-28,SPY,389.1866455078125
2022-07-29,SPY,394.8604431152344
2022-08-01,SPY,393.69122314453125
2022-08-02,SPY,391.09393310546875
2022-08-03,SPY,397.2182312011719
2022-08-04,SPY,396.94989013671875
2022-08-05,SPY,396.2789611816406
2022-08-08,SPY,395.81890869140625
2022-08-09,SPY,394.2471008300781
2022-08-10,SPY,402.5279235839844
2022-08-11,SPY,402.5279235839844
2022-08-12,SPY,409.3422546386719
2022-08-15,SPY,411.0290832519531
2022-08-16,SPY,411.8341369628906
2022-08-17,SPY,408.9109191894531
2022-08-18,SPY,410.0994567871094
2022-08-19,SPY,404.5884704589844
2022-08-22,SPY,396.1639099121094
2022-08-23,SPY,395.20550537109375
2022-08-24,SPY,396.4706115722656
2022-08-25,SPY,402.0678405761719
2022-08-26,SPY,388.4582214355469
2022-08-29,SPY,385.8896789550781
2022-08-30,SPY,381.6534118652344
2022-08-31,SPY,378.7494201660156
2022-09-01,SPY,379.9378356933594
2022-09-02,SPY,375.9316711425781
2022-09-06,SPY,374.5131530761719
2022-09-07,SPY,381.2413024902344
2022-09-08,SPY,383.73321533203125
2022-09-09,SPY,389.694580078125
2022-09-12,SPY,393.88287353515625
2022-09-13,SPY,376.75592041015625
2022-09-14,SPY,378.1934814453125
2022-09-15,SPY,373.8997802734375
2022-09-16,SPY,371.0473327636719
2022-09-19,SPY,373.92474365234375
2022-09-20,SPY,369.6327209472656
2022-09-21,SPY,363.18487548828125
2022-09-22,SPY,360.1341552734375
2022-09-23,SPY,354.10015869140625
2022-09-26,SPY,350.59722900390625
2022-09-27,SPY,349.70220947265625
2022-09-28,SPY,356.5830078125
2022-09-29,SPY,349.1344299316406
2022-09-30,SPY,343.735595703125
2022-10-03,SPY,352.81060791015625
2022-10-04,SPY,363.7430419921875
2022-10-05,SPY,362.8962097167969
2022-10-06,SPY,359.152587890625
2022-10-07,SPY,349.1344299316406
2022-10-10,SPY,346.46868896484375
2022-10-11,SPY,344.2744445800781
2022-10-12,SPY,343.138916015625
2022-10-13,SPY,352.1946716308594
2022-10-14,SPY,344.1686706542969
2022-10-17,SPY,353.0127258300781
2022-10-18,SPY,357.1605224609375
2022-10-19,SPY,354.6294860839844
2022-10-20,SPY,351.6558532714844
2022-10-21,SPY,360.2015380859375
2022-10-24,SPY,364.6092224121094
2022-10-25,SPY,370.4314270019531
2022-10-26,SPY,367.64056396484375
2022-10-27,SPY,365.6773681640625
2022-10-28,SPY,374.37713623046875
2022-10-31,SPY,371.67291259765625
2022-11-01,SPY,370.0464782714844
2022-11-02,SPY,360.75970458984375
2022-11-03,SPY,357.0450134277344
2022-11-04,SPY,362.1839904785156
2022-11-07,SPY,365.6485290527344
2022-11-08,SPY,367.6213073730469
2022-11-09,SPY,360.0476379394531
2022-11-10,SPY,379.8337097167969
2022-11-11,SPY,383.50994873046875
2022-11-14,SPY,380.24749755859375
2022-11-15,SPY,383.4906311035156
2022-11-16,SPY,380.56512451171875
2022-11-17,SPY,379.4006042480469
2022-11-18,SPY,381.1232604980469
2022-11-21,SPY,379.7374572753906
2022-11-22,SPY,384.8475646972656
2022-11-23,SPY,387.2727355957031
2022-11-25,SPY,387.18609619140625
2022-11-28,SPY,381.0077209472656
2022-11-29,SPY,380.3534240722656
2022-11-30,SPY,392.3346862792969
2022-12-01,SPY,392.0460510253906
2022-12-02,SPY,391.59375
2022-12-05,SPY,384.5492248535156
2022-12-06,SPY,379.00604248046875
2022-12-07,SPY,378.36126708984375
2022-12-08,SPY,381.3253479003906
2022-12-09,SPY,378.476806640625
2022-12-12,SPY,383.9333190917969
2022-12-13,SPY,386.83966064453125
2022-12-14,SPY,384.3663635253906
2022-12-15,SPY,374.9641418457031
2022-12-16,SPY,370.53729248046875
2022-12-19,SPY,367.395263671875
2022-12-20,SPY,367.8979797363281
2022-12-21,SPY,373.39892578125
2022-12-22,SPY,368.0719909667969
2022-12-23,SPY,370.1892395019531
2022-12-27,SPY,368.7293701171875
2022-12-28,SPY,364.1468505859375
2022-12-29,SPY,370.7016296386719
2022-12-30,SPY,369.7251892089844
